{
  "version": "1.0",
  "description": "Configuration for Adaptive Evidence Retriever",
  "data_sources": {
    "structured": {
      "misp": {
        "url": "https://misp.example.org/",
        "api_key": "${ENV:MISP_API_KEY}",
        "tags": [
          "healthcare",
          "IoMT"
        ]
      },
      "stix": {
        "taxii_server": "https://cti.example.org/taxii2/",
        "collections": [
          "hospital_indicators"
        ]
      }
    },
    "unstructured": {
      "threat_reports": {
        "rss_feeds": [
          "https://www.hhs.gov/cyber-threats/rss.xml"
        ],
        "pdf_parser": "clinical_text_extractor_v2"
      },
      "clinical_notes": {
        "anonymizer": "presidio_nhs",
        "allowed_entities": [
          "DEVICE_ID",
          "RISK_LEVEL"
        ]
      }
    }
  },
  "processing": {
    "rate_limit": 10,
    "timeout": 30,
    "output_format": "json-ld",
    "canonicalization_rules": "hckg_ontology_v1.owl"
  }
}