{
  "etp_id": "ETP-2024-10-15-001",
  "timestamp": "2024-10-15T14:30:00Z",
  "risk_decision": "HIGH",
  "affected_clinical_asset": "Ventilator_Device_ICUM-07",
  "stage_outputs": {
    "stage_1": {
      "ingested_cti": [
        "CVE-2023-4567",
        "STIX:Indicator--a1b2c3"
      ],
      "hckg_subgraph": "https://w3id.org/hckg/subgraph/ventilator_anomaly"
    },
    "stage_2": {
      "fusion_attention_weights": {
        "technical_indicator": 0.6,
        "clinical_context": 0.4
      },
      "qmr_scores": {
        "semantic_fidelity": 4,
        "compliance_traceability": 5,
        "explainability": 4,
        "resilience": 3,
        "robustness": 4,
        "evidence_provenance": 5,
        "total": 25,
        "gate_status": "PASS"
      }
    },
    "stage_3": {
      "qdv_metrics": {
        "auc_roc": 0.89,
        "latency_ms": 145,
        "memory_mb": 87,
        "audit_log": "/logs/audit_20241015_1430.json"
      }
    },
    "stage_4": {
      "regulatory_mappings": [
        {
          "threat": "Unauthorized ventilator parameter change",
          "regulation": "GDPR Article 32",
          "clause": "Art.32(1)(b): Ensure ongoing confidentiality, integrity, availability of processing systems"
        },
        {
          "threat": "Patient data exfiltration via IoMT",
          "regulation": "HIPAA \u00a7164.308",
          "clause": "164.308(a)(1)(ii)(A): Conduct risk assessment"
        }
      ]
    }
  },
  "provenance_chain": {
    "raw_inputs": [
      "/cti/feeds/misp_20241015.json",
      "/clinical_logs/icu_ventilator_anomalies.csv"
    ],
    "processing_steps": [
      "canonicalization",
      "fusion",
      "validation",
      "packaging"
    ],
    "signature": "sha256:abc123..."
  }
}