﻿methodological_paradigm,count,percentage,exemplar_references
Graph-Based (GB),14,0.33,"Guo et al. (2023); Huang et al. (2024); Lin et al. (2023); Zhao, J. et al. (2022); Gao et al. (2022); Ren et al. (2023); Xiao et al. (2024)"
NLP-Centric (NLP),11,0.26,Huang et al. (2024); Silvestri et al. (2023); Xiao et al. (2024); Silvestri et al. (2023); Samtani et al. (2022); Orbinato et al. (2022); Tang et al. (2023)
Knowledge-Based (KB),9,0.21,"Samtani et al. (2022); Ampel et al. (2024); Ren et al. (2023); Guo et al. (2023); Chen et al. (2025); Zhao, J. et al. (2022); Alevizos and Dekker (2024)"
Ensemble/Statistical (ES),9,0.21,Chakraborty et al. (2023); Powell & Drozdenko (2024); Negahdari Kia et al. (2023); Almahmoud et al. (2023); Cherqi et al. (2023); Schmitt and Koutroumpis (2025); Wang et al. (2022)
