﻿RISK OF BIAS ASSESSMENTS - 43 INCLUDED STUDIES,,,,,,,,,
Systematic Review: Multimodal CTI Fusion for Healthcare CSRA,,,,,,,,,
Assessment Date: 25 October 2024 | Protocol Version: 1.0,,,,,,,,,
Review Process: Dual independent review + NHS expert panel validation,,,,,,,,,
Inter-rater Reliability: Cohen's Îº = 0.77 overall,,,,,,,,,
,,,,,,,,,
 DOMAIN LEGEND:,,,,,,,,,
Domain 1: Study Eligibility Criteria (Appropriateness),,,,,,,,,
Domain 2: Identification and Selection (Comprehensiveness)  ,,,,,,,,,
Domain 3: Data Collection and Appraisal (Rigor),,,,,,,,,
Domain 4: Synthesis and Findings (Transparency),,,,,,,,,
,,,,,,,,,
study_id,domain1_score,domain1_notes,domain2_score,domain2_notes,domain3_score,domain3_notes,domain4_score,domain4_notes,overall_risk
S01,Low,Clear objectives and research questions,High,Limited search strategy documentation,Low,Appropriate analysis methods,High,No discussion of methodological limitations,High
S02,Low,Well-defined scope and objectives,Unclear,Partial search strategy details,Low,Valid conclusions supported by results,Low,Comprehensive limitations section,Medium
S03,Low,Clear healthcare cybersecurity focus,Low,Comprehensive multi-database search,Unclear,Single reviewer for data extraction,Medium,Limited generalizability discussion,Medium
S04,Low,Pre-registered protocol with clear criteria,Low,PRISMA-compliant search strategy,Low,Dual independent review process,Low,Thorough limitations and future work,Low
S05,Unclear,Eligibility criteria partially described,Low,Adequate database coverage,Low,Appropriate statistical methods,High,No acknowledgement of selection bias,High
S06,Low,Explicit inclusion/exclusion criteria,Low,Systematic search methodology,Low,Robust analytical approach,Low,Transparent about all limitations,Low
S07,Low,Clearly defined research questions,High,Language restriction to English only,Low,Methodologically sound analysis,Medium,Limited discussion of grey literature exclusion,Medium
S08,Low,Specific CTI-CSRA integration focus,Low,Comprehensive technical databases,Unclear,Risk of bias assessment method unclear,Low,Adequate limitations coverage,Medium
S09,Low,Well-specified empirical study criteria,Low,IEEE Xplore and ACM coverage,Low,Standard performance metrics,High,No consideration of publication bias,High
S10,High,Overly restrictive exclusion criteria,Low,Adequate search strategy,Low,Valid technical validation,Medium,Partial limitations discussion,High
S11,Low,Clear healthcare NLP focus,Low,Multi-disciplinary database coverage,High,Single author data extraction,Low,Comprehensive methodological reflection,High
S12,Low,Systematic review methodology appropriate,Low,Comprehensive literature search,Low,Standard systematic review methods,Low,Thorough limitations section,Low
S13,Low,Well-defined organizational resilience focus,Unclear,Search strategy partially documented,Low,Appropriate synthesis methods,Medium,Limited critical appraisal,Medium
S14,Low,Specific CTI quality metrics focus,Low,Technical database coverage,Low,Methodologically sound,Low,Adequate limitations,Low
S15,Low,Clear dynamic assessment objectives,Low,Comprehensive search,Unclear,Validation approach unclear,Medium,Limited clinical context discussion,Medium
S16,Low,Well-specified pipeline development goals,Low,Adequate database coverage,Low,Appropriate technical evaluation,High,No consideration of real-world deployment,High
S17,Low,Clear knowledge graph quality focus,Low,Comprehensive search strategy,Low,Robust validation methodology,Low,Transparent about embedding limitations,Low
S18,Low,Policy analysis with clear scope,High,Limited to policy databases,Low,Appropriate policy analysis methods,Medium,Narrow focus on specific regulations,Medium
S19,Low,Proactive threat forecasting objectives,Low,Adequate technical coverage,Low,Comprehensive evaluation,Low,Good limitations coverage,Low
S20,Low,Specific OSINT enhancement focus,Low,Technical database search,Low,Methodologically rigorous,Low,Appropriate limitations,Low
S21,Low,Clear risk prediction model goals,Unclear,Search strategy partially described,Low,Valid predictive modeling,High,No external validation discussed,High
S22,Low,Systematic review of multimodal fusion,Low,Biomedical database coverage,Low,Standard systematic review methods,Low,Comprehensive limitations,Low
S23,Low,Provenance graph evaluation focus,Low,Technical literature search,Low,Appropriate experimental design,Medium,Limited healthcare application,Medium
S24,Low,Actionable CTI discovery objectives,Low,Comprehensive search,Low,Robust technical validation,Low,Adequate limitations,Low
S25,Low,Unstructured CTI mapping focus,Low,Conference proceedings included,High,Single reviewer assessment,Low,Transparent about evaluation limitations,High
S26,Low,Knowledge graph for APT attribution,Low,Multi-database coverage,Low,Comprehensive evaluation,Low,Good limitations discussion,Low
S27,Low,Active learning framework objectives,Low,Technical database search,Low,Methodologically sound,Low,Appropriate limitations,Low
S28,Low,AI-powered detection system focus,Low,Adequate search strategy,Low,Standard performance metrics,High,No real-world validation,High
S29,Low,Dynamic graph learning objectives,Low,Comprehensive literature review,Low,Robust methodology,Low,Transparent limitations,Low
S30,Low,PCA-DNN model for CTI focus,Unclear,Search strategy partially documented,Low,Appropriate technical evaluation,Medium,Limited clinical relevance,Medium
S31,Low,Heterogeneous information network goals,Low,Comprehensive technical search,Low,Valid experimental design,Low,Adequate limitations,Low
S32,Low,Graph convolutional network focus,High,Limited to conference paper,Low,Appropriate evaluation,High,No peer review process,High
S33,Low,XAI taxonomy development objectives,Low,Broad multi-disciplinary search,Low,Comprehensive synthesis,Low,Thorough limitations,Low
S34,Low,AI threat landscape survey,Low,Comprehensive coverage,Low,Standard survey methods,Low,Good limitations section,Low
S35,Low,AI cybersecurity capabilities review,Low,Adequate database coverage,Low,Appropriate synthesis,Low,Comprehensive limitations,Low
S36,Low,AI in cybersecurity survey,High,Single conference proceeding,Low,Valid survey methodology,High,Limited peer review,High
S37,Low,Healthcare cybersecurity COVID review,Low,Medical database focus,Low,Appropriate scoping review methods,Medium,Rapid review limitations,Medium
S38,Low,CTI comparative study objectives,Low,Comprehensive search strategy,Low,Robust comparative analysis,Low,Transparent limitations,Low
S39,Low,AI security threats review,Low,Multi-database coverage,Low,Standard review methods,Low,Adequate limitations,Low
S40,Low,AI cybersecurity advances survey,Low,Comprehensive literature search,Low,Appropriate synthesis,Low,Good limitations coverage,Low
S41,Low,AI cybersecurity mapping study,Low,Systematic search methodology,Low,Valid mapping approach,Low,Transparent about method limitations,Low
S42,Low,System security assurance review,Low,Comprehensive search,Low,Standard systematic review methods,Low,Thorough limitations,Low
S43,Low,Machine learning pitfalls guide,Low,Appropriate literature base,Low,Methodologically sound,Low,Comprehensive guidance,Low
