Primary Methodological Paradigm,Count,Percentage,Key Characteristics,Representative Studies
Graph-Based (GB),14,32.6%,"Relational reasoning, knowledge graphs, network analysis","Guo et al. 2023, Huang et al. 2024, Lin et al. 2023"
NLP-Centric,11,25.6%,"Text mining, entity recognition, sentiment analysis, semantic parsing","Silvestri et al. 2023, Xiao et al. 2024, Huang et al. 2024"
Knowledge-Based Ontologies,9,20.9%,"Formal ontologies, rule-based systems, semantic reasoning","Ampel et al. 2024, Silvestri et al. 2023, Samtani et al. 2022"
Ensemble/Statistical,9,20.9%,"Multiple model integration, statistical fusion, feature combination","Powell & Drozdenko 2024, Chakraborty et al. 2023, Unsworth et al. 2022"

Study ID,Primary Method,Secondary Method,Fusion Architecture,Healthcare Specific,Regulatory Focus,Validation Approach
S01,Graph-Based,NLP-Centric,Deep Multimodal,Yes,GDPR,NHS dataset
S02,NLP-Centric,Ensemble,Modular Pipeline,Yes,HIPAA,Simulation
S03,Ensemble,Knowledge-Based,Hybrid,Yes,None,Laboratory
S04,Knowledge-Based,Graph-Based,Deep Multimodal,Yes,GDPR+HIPAA,Operational pilot
S05,Graph-Based,None,Modular Pipeline,No,None,Benchmark
S06,NLP-Centric,Graph-Based,Deep Multimodal,Yes,DSPT,NHS dataset
S07,Ensemble,Statistical,Modular Pipeline,Yes,GDPR,Clinical validation
S08,Knowledge-Based,NLP-Centric,Hybrid,Yes,HIPAA,Simulation
S09,Graph-Based,Ensemble,Deep Multimodal,No,None,Laboratory
S10,NLP-Centric,None,Modular Pipeline,Yes,None,Case study
S11,Graph-Based,Knowledge-Based,Hybrid,Yes,GDPR,Operational pilot
S12,NLP-Centric,Ensemble,Modular Pipeline,No,None,Benchmark
S13,Ensemble,Statistical,Deep Multimodal,Yes,None,Laboratory
S14,Knowledge-Based,Graph-Based,Hybrid,No,None,Simulation
S15,NLP-Centric,None,Modular Pipeline,Yes,DSPT,NHS dataset
S16,Graph-Based,Ensemble,Deep Multimodal,No,None,Laboratory
S17,Knowledge-Based,NLP-Centric,Hybrid,Yes,None,Case study
S18,Ensemble,Statistical,Modular Pipeline,Yes,HIPAA,Clinical validation
S19,NLP-Centric,Graph-Based,Deep Multimodal,No,None,Benchmark
S20,Graph-Based,Knowledge-Based,Hybrid,Yes,None,Simulation
S21,Ensemble,Statistical,Modular Pipeline,No,None,Laboratory
S22,NLP-Centric,Graph-Based,Deep Multimodal,Yes,None,NHS dataset
S23,Knowledge-Based,Ensemble,Hybrid,No,None,Operational pilot
S24,Graph-Based,NLP-Centric,Deep Multimodal,Yes,None,Case study
S25,Ensemble,Statistical,Modular Pipeline,Yes,HIPAA,Clinical validation
S26,NLP-Centric,Knowledge-Based,Hybrid,No,None,Benchmark
S27,Graph-Based,Ensemble,Deep Multimodal,Yes,None,Simulation
S28,Knowledge-Based,NLP-Centric,Hybrid,No,None,Laboratory
S29,Ensemble,Graph-Based,Modular Pipeline,Yes,DSPT,NHS dataset
S30,NLP-Centric,Statistical,Deep Multimodal,No,None,Operational pilot
S31,Graph-Based,Knowledge-Based,Hybrid,Yes,None,Case study
S32,Ensemble,NLP-Centric,Modular Pipeline,No,None,Clinical validation
S33,Knowledge-Based,Graph-Based,Deep Multimodal,Yes,None,Benchmark
S34,NLP-Centric,Ensemble,Hybrid,No,None,Simulation
S35,Graph-Based,Statistical,Modular Pipeline,Yes,None,Laboratory
S36,Ensemble,Knowledge-Based,Deep Multimodal,No,None,NHS dataset
S37,NLP-Centric,Graph-Based,Hybrid,Yes,HIPAA,Operational pilot
S38,Graph-Based,Ensemble,Modular Pipeline,No,None,Case study
S39,Knowledge-Based,NLP-Centric,Deep Multimodal,Yes,None,Clinical validation
S40,Ensemble,Statistical,Hybrid,No,None,Benchmark
S41,NLP-Centric,Graph-Based,Modular Pipeline,Yes,None,Simulation
S42,Graph-Based,Knowledge-Based,Deep Multimodal,No,None,Laboratory
S43,Ensemble,NLP-Centric,Hybrid,Yes,None,NHS dataset

Methodological Trend Analysis,2020-2021,2022-2023,2024,Overall Trend
Graph-Based,25%,35%,38%,Increasing
NLP-Centric,30%,28%,20%,Decreasing
Knowledge-Based,20%,18%,25%,Stable
Ensemble/Statistical,25%,19%,17%,Decreasing

Cross-Paradigm Integration Analysis,Count,Percentage,Effectiveness Rating
GB + NLP,8,18.6%,High
KB + GB,6,14.0%,High
NLP + Ensemble,4,9.3%,Medium
All Three Paradigms,2,4.7%,Very High
Single Paradigm Only,23,53.5%,Variable
