cti_modality_ind1,cti_modality_ind2,cti_modality_ind3,cti_modality_ind4,semantic_enrichment_ind1,semantic_enrichment_ind2,semantic_enrichment_ind3,semantic_enrichment_ind4,fusion_strategy_ind1,fusion_strategy_ind2,fusion_strategy_ind3,fusion_strategy_ind4,regulatory_traceability_ind1,regulatory_traceability_ind2,regulatory_traceability_ind3,regulatory_traceability_ind4,explainability_ind1,explainability_ind2,explainability_ind3,explainability_ind4
0.730626166100074,0.4031783529449211,0.5553854266388614,0.09914294276948582,0.15114658619434396,0.07941788575270592,0.47129435872197095,0.21797916621574576,0.19138098972200335,0.26465845222234174,0.20678216106200337,0.08597567092877878,0.3814100144641046,0.5012617804770648,0.8898956747329108,0.4528859981240986,0.5709343395140871,0.7648154608230382,0.3915140790192506,0.4305458621696827
0.10658398281578135,0.294510595259851,0.23233045803024904,0.45841764409224384,0.06959601940577248,0.27476335988018363,0.10611249499275072,0.41403023376191184,0.12657073341055014,0.23080312044330942,0.5867331269908261,0.4603205460855798,0.01984092957081912,0.033832492659729874,0.09440732439417088,0.06123668377731328,0.397205720378696,0.2730036833398295,0.04520557194023206,0.025990857222696395
0.5415597091788049,0.6933541918699504,0.7294516702404605,0.5559008049016271,0.4929504634861383,0.18668332411645583,0.07727414805078009,0.4333335436699111,0.3275074090659433,0.29873089883875814,0.3031234420779423,0.24821105278230227,0.3743570972608631,0.23455910588940065,0.04952780440009491,0.38390690737665567,0.3914138179265564,0.08727338419514985,0.12187774063062995,0.28760315586140034
0.4301514381034249,0.3289121778881622,0.6895443876366081,0.33286001776584917,0.9176501631880238,0.8780548159825143,0.9419037395285201,0.6673837440598682,0.864282878621173,0.2634291060262778,0.9709014900239737,0.633386516951181,0.7771188372068373,0.2653069052676573,0.6432380609455359,0.1633488395225708,0.5277324159376543,0.4184963477098264,0.6149276001770964,0.4539025462779039
0.8560598923660258,0.47338654650287526,0.7270648516309087,0.7808696474129111,0.13066593675878774,0.20590603305182775,0.26781302248673483,0.37891292130375404,0.7219289603766792,0.6765036088256644,0.8161246058858544,0.7527534976214525,0.29962624789002057,0.6013581874944405,0.6800095119804643,0.3494055100233143,0.573193639111136,0.6464676513917742,0.46267381514963773,0.6772422106179725
0.9762380699589266,0.7852536919347359,0.5813641992366367,0.8607796447621912,0.9607347483240143,0.9584592374681704,0.7064633713613523,0.805524116250362,0.7529218727597513,0.8174928886800834,0.9582716154808819,0.8512640539327729,0.8436508107992691,0.278299950989241,0.7025568386767491,0.7782174734784313,0.6884696209689226,0.654824567587399,0.8131679178563844,0.9543877902027281
0.08827545558014849,0.23243017313445796,0.18650343677975695,0.3436079186146213,0.4287509586336822,0.19240434537607792,0.2902062564281236,0.03259674944792301,0.7566207142826071,0.5595332951133913,0.8756961232587878,0.1953540312972818,0.25730237669078415,0.017596619134648717,0.07573383686853152,0.13424670065161243,0.4735075847071998,0.7330234980398551,0.568392053727372,0.4630734842278327
0.1769200471413911,0.22691808142895997,0.3316299500028066,0.8258641376613609,0.6235509994913189,0.760539754473667,0.6422516650804295,0.707022348146571,0.47368988692719205,0.3803803104292036,0.16801151583650015,0.6279881186569123,0.738018547435827,0.6766311112096408,0.7193201815454046,0.5225260473473877,0.10794410620136646,0.2124443401544675,0.2262751156707019,0.04716449303008352
0.6991913639725,0.26861782196168976,0.7300829134549048,0.4543975210008817,0.6917359331024019,0.5644774712943356,0.4847102040437361,0.4900800230705666,0.9483803850629227,0.9741968739202806,0.7282344173272383,0.9797170411435772,0.8841845361603078,0.4599910388724896,0.5901435310887105,0.9437152921542789,0.8703765010354252,0.6174617917778448,0.42490371610327776,0.9135508618219857
0.48316876796443825,0.4888467794002849,0.29722140334270997,0.29594973661444735,0.5960133239850705,0.5255342779305143,0.7399284395089835,0.4131580096854134,0.18792081660510274,0.11175526719593454,0.281718024952217,0.053219101231099186,0.2966704848399918,0.3850472455441664,0.21542125996315065,0.26956798600128995,0.6696438652710801,0.5668295416364731,0.12866752478596832,0.23416267451265493
0.7872736277872243,0.5265874388160853,0.8519339299129761,0.5886310314166239,0.0382671222305746,0.1156217359144519,0.33562953296172354,0.09935348958070683,0.04172377416840045,0.41931391744644697,0.4883841316332816,0.43174823938641665,0.3249154301657785,0.528624359501456,0.7458289875157748,0.6970537177404719,0.282011777655377,0.11303452988658763,0.883503093281614,0.4215638130206988
0.11166706639608692,0.0853434938233838,0.06482733040940353,0.18421968532697064,0.08971979669007729,0.15507312888588543,0.07665487851781783,0.017409586342768957,0.03546645445712293,0.5411886263455519,0.12047979071122095,0.04937898891873865,0.00036635708474691553,0.0034058592106443464,0.0002991315751822987,0.01876236397016967,0.431380834192278,0.23412948364718528,0.1773506747788981,0.07712093436989992
0.8271946774402757,0.9668798188772407,0.6611329625014544,0.9394783720329938,0.23774447578688246,0.6747171041634192,0.617906368949457,0.5204925481534618,0.44402682463829435,0.37606542674402266,0.5083997943909037,0.7400536624962177,0.9094543463489175,0.33999884491281585,0.9307803234551193,0.5863481308856935,0.7059510647601521,0.44746486322729795,0.8748807492577508,0.8717892258071331
0.9432944354125272,0.9221853577535108,0.5805654913644364,0.41310000520346507,0.9950171443535585,0.9893569221328828,0.986978686705144,0.98636520405652,0.8061847267435458,0.5063054554806663,0.42918895225226283,0.7075154277692508,0.307954966769624,0.71258598886046,0.6883740242667297,0.5018628963674183,0.19555326985196808,0.21218084186676223,0.6249073557618405,0.2600484885588357
0.09018591699985579,0.11061753609898178,0.07562139796938455,0.14700618895592416,0.3795391051216423,0.15017749123046908,0.134867529913203,0.5929798750987763,0.8947375791232116,0.8621769077374394,0.8395881678349173,0.9551143135843262,0.5179862656383948,0.5552221245242551,0.4356072814728335,0.4387710661818067,0.45734193693006225,0.4352631252503556,0.46991876942778965,0.8887580125802425
0.8865286342197275,0.6990976912316655,0.37200588764868514,0.7913515521497726,0.48221719292934134,0.7072950830667974,0.560991072865556,0.5301604711539436,0.4203334781982031,0.5548580597759742,0.7226305621179923,0.757629132751606,0.8453493043767671,0.7887872199457846,0.5451417437666798,0.6525530080249237,0.88337395559697,0.8049959440864136,0.8902093751001797,0.8567262846950607
0.8621572341851436,0.7645543210851176,0.6734153003144431,0.3921860051651676,0.40603000064532746,0.29547487719854865,0.43556039119662465,0.7077222749492869,0.04306387092834074,0.2855792337863795,0.15072505933945862,0.08452374624488274,0.760946749419765,0.8666513981898998,0.7172525039516169,0.8412825805287687,0.23316656845831002,0.36513407478978643,0.3723522400027236,0.4328988168438702
0.5231005641289956,0.9078191937042684,0.6655664491917583,0.9171803491759332,0.46158872871958273,0.8149718414902675,0.7263540521173042,0.520953495730809,0.795503111875739,0.6713239777405816,0.8935947271095326,0.756727330800049,0.4827969944495605,0.8347073856150842,0.7490372678301519,0.4316535481992245,0.7445271283826337,0.6536246521953225,0.6033239128779936,0.5571347170593287
0.27125906216505363,0.44924575618496415,0.06311278476175664,0.26449206747165577,0.19480734087347956,0.5264874663160682,0.2853122023709243,0.31026690763566406,0.26995444021680215,0.3541685322022914,0.6096845837469413,0.6127860131622287,0.8277241884746805,0.9154896076087597,0.3021101296277838,0.5325013812967438,0.10247079180450358,0.16605803263879532,0.09724440416381774,0.5132013337916015
0.87426876659247,0.44864336727893067,0.944586793150328,0.8987784479184002,0.9839503705564175,0.9497586997248856,0.8485426955192945,0.9674870963118756,0.28595757211465805,0.8286143816539764,0.6084088688059197,0.3756136037795152,0.7949224389502896,0.4162276083846232,0.31570345829472235,0.4727612922466812,0.7029063797708818,0.2382740993170891,0.2598212614464249,0.8024370393985811
0.7721921178996207,0.8094069953483813,0.9398452111634359,0.9770895098504442,0.8902419040762004,0.9167836225726478,0.6594642043068026,0.8910805905100969,0.8933686174001068,0.7086346317019505,0.7307557321528928,0.8163409346488528,0.8385793787769029,0.8461544827858477,0.6717725584267064,0.7501329721988372,0.5005567046505198,0.9484476406976885,0.9454516491984897,0.959934747762162
0.013864646979535378,0.09953136712837274,0.03966346736951537,0.05626205658579819,0.2331599055680097,0.09033009920213148,0.003391826955088495,0.1099237678216658,0.04399880249614585,0.10721752388780892,0.034948061581234424,0.2580767797003504,0.8698576212538998,0.14994906739192848,0.23899096981434004,0.3751279294129922,0.01730869613299263,0.22056878226147392,0.013433018847607558,0.0037390746725436963
0.7463373541748418,0.612766658278871,0.5369069589474592,0.8047028790749806,0.8369350638710742,0.7894243952602082,0.5707978607355046,0.7088370177661181,0.27236980081370854,0.08264616458491914,0.4548980914222578,0.1006261964289894,0.3071664118532831,0.37396289757971457,0.5004063224528149,0.13606324908466022,0.230192078700717,0.26881760003156757,0.12205351876980741,0.053531521227761725
0.1820983583551955,0.07747545257183269,0.07525130134796615,0.13117773985484998,0.3506581947842945,0.2281267275786899,0.019298375098892095,0.24290697027469144,0.11924700514866038,0.07885192449978629,0.0349569780553336,0.04030608241480149,0.1542626961789086,0.16841865570569664,0.008257079997478767,0.3328622586083896,0.0029590770671071853,0.09184449278784523,0.022476215095847296,0.5542306144206656
0.5688649797806008,0.8198033735934779,0.526205130828962,0.8065316298574682,0.7309891735026066,0.541870828781909,0.9331753207050703,0.9258214165011773,0.05270326631699124,0.5097762702453137,0.45006336721740897,0.16949272745429067,0.37982693074775004,0.6302060404165768,0.2921469980920956,0.26681239405533763,0.6483341373050425,0.3381937955305211,0.7552501305253041,0.1983587401122619
0.29225248280316796,0.6019600146792526,0.2739390781479594,0.4665745371955374,0.36579033264189775,0.2834307473673263,0.3211979225820134,0.511767455956423,0.44416729041634223,0.10333412638814032,0.14597868657648716,0.20068514118368902,0.5094787135495631,0.48918662764775833,0.5794199666879924,0.7509609868780763,0.059554698976821974,0.02749954036515917,0.047532670913271624,0.01323398775339757
0.7525741930873541,0.9969932551877456,0.9617993683385737,0.806289263955985,0.9079703298185902,0.6818802681373698,0.8438558058833254,0.9714542128108878,0.9127858254970582,0.7927292592322204,0.7021362268655496,0.554626578287581,0.8578736194078636,0.9576507296357286,0.921114311883777,0.923859141581296,0.667849410119963,0.720798214892912,0.7205551131933883,0.8328253533067285
0.8697923916921615,0.9278271101124252,0.6503662029855306,0.6358839683802294,0.11218620930778522,0.15696726660469146,0.09163723059865264,0.16022013972788607,0.030472724405641638,0.05684019573454574,0.06230123074302796,0.04836008341539749,0.2649541979661957,0.3247102132801168,0.2285546529185234,0.14452385705554188,0.5327755546831975,0.368015976278332,0.4702772900978405,0.5665627491219428
0.028552870715979062,0.15508305759822438,0.19090725847960988,0.640143348813296,0.14703312513722078,0.41887429638951007,0.1711940046651313,0.21745798810823763,0.6711724173339161,0.8053487250431843,0.6305880034111547,0.92459158950573,0.35630437401351533,0.9120069549139949,0.8849931874435716,0.5807549447551786,0.6175796329535705,0.24036232457288365,0.05822899396562731,0.1951111911638354
0.2884454039836651,0.5837765691460863,0.22708580010940904,0.4225116126193767,0.255624553068465,0.4161848425577608,0.07577746585592776,0.32429513426214096,0.09724589335648293,0.21145108061198042,0.08979504774918257,0.11926342117491312,0.8178597262418019,0.7231816241946787,0.641254787936302,0.6514969566902615,0.7751507924560368,0.6898265972990572,0.73940182821978,0.539122241899541
0.13101939478980174,0.1874703449057702,0.22112858722276862,0.45092840145508595,0.09127128111880506,0.5118520790568378,0.32573616772950054,0.039342735400669515,0.09504036752464112,0.30779592455453386,0.0839519605299987,0.1537579825563113,0.15350982435601268,0.7596898017264905,0.12858657863093081,0.7045734254535713,0.5393270073143374,0.8876397739689723,0.6502986908725328,0.4759142114698118
0.19018069236616708,0.29355296959127053,0.31799371929778397,0.6601034910174429,0.20374922132160328,0.1879820216712093,0.5759114761917784,0.42693347637601753,0.48539064279164984,0.7211084737320489,0.8700480484722535,0.8263036042666237,0.8903481789685168,0.8746384647948332,0.9973990866756685,0.7322092854138483,0.8904138705140865,0.960997360086293,0.8463579214644368,0.8655180829706475
0.15259395356770422,0.710420689495634,0.812726069120876,0.8433345384228729,0.32550480739325127,0.6195913388137005,0.6327682961236807,0.7529540384278774,0.7655344988266899,0.8975547589777906,0.9087221372253464,0.9075849664324827,0.3809613516398324,0.9284440066040603,0.17590930418315998,0.6973858051994348,0.2654206972943596,0.22858871977889578,0.27485445110273393,0.09024358727400922
0.7393487695665047,0.593196865215494,0.9885675627961126,0.4741282297132643,0.708209248441956,0.7877288332575205,0.6647257296999416,0.48310021724065894,0.873832287314569,0.7493754311688348,0.33874840750100876,0.5598692425985319,0.07809127348685557,0.567807185118288,0.5995308235724869,0.669476196003027,0.45222085157512276,0.6773449939867855,0.42615822585728136,0.9375513421918749
0.5340551340648837,0.46505080335899746,0.432272665026925,0.8430881258320037,0.292026357189935,0.5222079115520776,0.28462380517559227,0.5162370693524747,0.07642385783502026,0.06915980311053538,0.35394606756653924,0.055077020054270176,0.2821243946593809,0.15723204106200572,0.13854551357124328,0.22743752881654328,0.2872103388783156,0.4389105040824164,0.5301902056532354,0.37779770423737596
0.7096779521791072,0.7443853804048144,0.993834363959782,0.8690660288251827,0.8012405501905386,0.681444685361646,0.7627678871635543,0.43680219091197525,0.6437546954970508,0.6892050484305283,0.8809418014373198,0.8977621719788149,0.24417343995884772,0.43788258456324525,0.44527089731442376,0.772859284006247,0.13338544568415772,0.33659371392416515,0.22572618135719308,0.254897215140081
0.3870788284994464,0.5431178739739732,0.3354580136817512,0.280282898758474,0.6286501217222191,0.7317154367721189,0.8404296787903798,0.7918113451734372,0.26234106252634637,0.16603899183509852,0.028957533000045388,0.11579402454895138,0.25886441676032634,0.4337941533222716,0.07077067273303694,0.6144367839233495,0.5878540709601892,0.6864797211087535,0.3291170836643741,0.7970549156857603
0.844014963145139,0.8540188637103174,0.7284005166580299,0.8386007175706949,0.9997682370301524,0.810817828385483,0.9332660099313612,0.8954207550206044,0.9316738066507235,0.6891518415919753,0.6153385969855724,0.8667100122559244,0.8390495173580053,0.5519821194018313,0.7814983551884636,0.9186974365320135,0.9663651343612304,0.9157257853027487,0.9658776858180027,0.9407991904069496
0.38918550960915854,0.2821471269490166,0.7355470854452164,0.20445175687478773,0.13368720339158724,0.4294911449830878,0.09039019900769013,0.32620960766887597,0.5818608085194772,0.94364143824583,0.89028853028447,0.9462200773312325,0.4770004905947764,0.7914203955103853,0.7976595923699565,0.7201171073575823,0.7890826211085983,0.8182145008039616,0.8928022932209441,0.9715083608813151
0.4997577329662461,0.3211305285252357,0.3975357772892203,0.16192349540893997,0.42720200268471864,0.4123740721656395,0.6787614943381777,0.33642988216058,0.664391701390743,0.16958719461821292,0.2232130083077345,0.2138562517770316,0.563256825932646,0.30317911074652126,0.2891358131733451,0.423402119989332,0.9181304097338694,0.8175922672248386,0.5966127364052278,0.6547597429514072
0.3982977311550156,0.49462199828959996,0.17469295597847218,0.39002890701532833,0.14148492207459057,0.4536832437553549,0.18881264950626692,0.37793924895984976,0.24258567315508484,0.539342773156701,0.07281798146502039,0.4215129174895467,0.3111189896461132,0.19421659545123993,0.11278312921561895,0.0532224554395227,0.39749792378684784,0.20730436101867789,0.20112602673238145,0.4787955107170035
0.9185759429616953,0.6692185697117525,0.39601736915113817,0.7809549918058485,0.16192742977577534,0.1685232745056477,0.1219323313959757,0.12522061683088898,0.9584356029266337,0.8096226512633667,0.9043151273003942,0.8551671064046524,0.8001537919524411,0.5038773424378167,0.6861803449115712,0.8898573574552372,0.31187342367828635,0.9323125393639153,0.5003734465685326,0.5554923112062151
0.534989840076142,0.21954023802033706,0.781662728074275,0.3694782038065794,0.8493989488213933,0.7605223334881426,0.37747415103634635,0.6900109538110897,0.1669893884728046,0.6018969808294224,0.4611015770474844,0.49230710656914495,0.7923565120885809,0.636575067544064,0.5073348194608297,0.7343334706924727,0.3922733738034283,0.37071191190904285,0.07482512343225939,0.5092575015346755
0.6386941884368745,0.36663928445531224,0.731972654993323,0.579666191897751,0.19973043859023065,0.04749849609058354,0.270415639152557,0.23994633163556356,0.14368647042810528,0.3570622911459065,0.09269378732272254,0.09706787585685606,0.36158222225996633,0.26645501599635857,0.3732195283258344,0.867485534947734,0.7628051718825375,0.8087890373531847,0.9724323339477642,0.8589455085821762
0.04157597762756765,0.015168299667955298,0.015534043577746903,0.019091734280188732,0.04193942707716286,0.35436603860768795,0.15009157416339414,0.013540284561146032,0.003599959579696055,0.016007301436057608,0.04073056372714673,0.008370614762556017,0.21967545374662378,0.18408741043652538,0.01218394516369109,0.08060594243405889,0.03260447232953545,0.07229800257967356,0.27116521098725277,0.08625811315509557
0.14820340472150734,0.24596481536957532,0.6116452199790363,0.5231255076384533,0.3633090692584403,0.4199181733503735,0.4458444456077686,0.3013120300438898,0.04565502113501835,0.22381784641318958,0.2306676320201993,0.39890206569698894,0.6475130757161577,0.3849028911015071,0.6517410093364792,0.557256435655625,0.31896615821333796,0.39862200832955186,0.8164596578821686,0.6640555993299676
0.04909283047476126,0.05989591908368569,0.08006337134364505,0.19616504478599556,0.13401847490793733,0.05333697788494568,0.6436584722608139,0.8047215104608787,0.27030516919471714,0.538327356324525,0.5267996529366346,0.10564738072095647,0.11632352228962095,0.18932434452163355,0.095952281742477,0.0857386193193449,0.6687813301519987,0.3798421234036313,0.28894690040883303,0.4186162455523958
0.16536229730052543,0.3792237438418318,0.41039028992804066,0.7711051430804139,0.9135553428201054,0.5410040409731941,0.7103915493780779,0.7081184871728913,0.9433725709561164,0.8888793400326753,0.9418665171135316,0.9343808072567014,0.9012761194533503,0.9185564523368748,0.8809329793827053,0.9468713316746695,0.7419582036993043,0.5814233551291438,0.910092017847249,0.9159553463147405
0.2367426634992985,0.511006971835697,0.6410930751141318,0.12440523316766511,0.10261572633395111,0.5868907498852595,0.02220584769780304,0.42943161867157764,0.3128942094975725,0.3017144823399851,0.3564681927763005,0.39593969945525626,0.7335741280650991,0.31830383833026943,0.8277684887849404,0.5902543547410687,0.45230541942131924,0.4575046898940439,0.054906977091036424,0.060733751569603256
0.6019835744599704,0.22526074594840972,0.36091734183615165,0.11603534945295557,0.5360782999625715,0.23135424457659493,0.43672857399165776,0.679132582746534,0.45409927974885256,0.21595440785346542,0.040170485084044916,0.587026975263305,0.29141400839611953,0.2622125198731689,0.5035879561738714,0.36590649493858424,0.05599150187825863,0.2848413481578166,0.127877020703622,0.2588751025510603
0.1990410188602133,0.1960288290040309,0.09345313579156239,0.014114952996009289,0.0463459182857438,0.3856514904094469,0.1590211283756367,0.23699956698749386,0.21991278951205911,0.5147609655071661,0.30635677774314163,0.4934159286841238,0.39056006272200705,0.3540756921878517,0.05186208647217588,0.2447824715826673,0.2747880211833233,0.05730194183339743,0.11656026228985411,0.03588376539597249
0.09953032590567612,0.2750994351420688,0.09694766924847592,0.020976936970626192,0.6698517128725587,0.5092807589536438,0.16543668527052235,0.3487003997930976,0.20500949435022348,0.1554046515985512,0.10195733978378785,0.0533959546027179,0.843334769031607,0.3569753924872189,0.6146455787563057,0.8963531401357481,0.7329603350119867,0.5199960102792964,0.780550763110802,0.6393543123525018
0.2512122792089986,0.10449962783406253,0.055885106999456424,0.3077300934288942,0.0150112071123783,0.09823371942916193,0.19267528524804717,0.01970348504669228,0.16217598055234494,0.3607090258107357,0.12641416703333663,0.07744105763014186,0.17265223619686776,0.07491357549264244,0.1820536830527137,0.026646465728382196,0.1253149214708018,0.20755492860639213,0.48208944643676743,0.31903845962997746
0.16699912482003726,0.5499150860265527,0.5253531347225227,0.332141150465054,0.11772261839315268,0.29693741162579396,0.2946448166525989,0.5693225178614711,0.2989680376487771,0.5921918952401828,0.6007856734367817,0.26248651541173107,0.001540271143860128,0.022757633113893727,0.0037992412410759457,0.0679716736396842,0.847880346073782,0.6668335406811607,0.5584932394907095,0.9182486349283057
0.7064941172240317,0.6502575441538089,0.3131479170801996,0.3515989426881133,0.48529096145322764,0.8357928624684825,0.3924336842387581,0.6760868691208475,0.15618631853036136,0.13515085778119829,0.3840091624479845,0.23424492859803475,0.8334805650306406,0.7807287808472507,0.7504433456558456,0.9363557187290068,0.7104542183411978,0.7850445114487044,0.726189162806317,0.7315341377949565
0.16963954113393281,0.08581130433618533,0.021896718698488304,0.22979757692055985,0.08228467665298572,0.15298927549674085,0.22450961884322002,0.10967787103015075,0.16934855907895174,0.14346809827090445,0.12441550265222417,0.7475181909633152,0.013707248271509487,0.04732443433058475,0.08180704718513143,0.12921411790324006,0.7363613741380199,0.8543241042040945,0.977715989675149,0.9493401200437044
0.06980659202392958,0.1741161383995325,0.009173742151306674,0.03959855331697065,0.13079720961386632,0.23907044467310046,0.20620875756954893,0.1914788516281728,0.638037256042381,0.37275107895156123,0.6518005303970839,0.8888299293259814,0.22419061599127316,0.24613088213942053,0.2965874038160514,0.45370150952427496,0.1444433854367218,0.04783804326764585,0.3646853410334613,0.19092415336701202
0.3932900659166071,0.834469383448962,0.4245725886746079,0.7430134289802004,0.6780017793794932,0.21436124367369602,0.6943272381079109,0.46627377964187444,0.7948559958179319,0.9690963203482008,0.2619206043491035,0.30638390042045305,0.9182591591526066,0.8535854071649169,0.3477892614148193,0.7929332700267955,0.20180718012054616,0.4675709657405503,0.272259512689906,0.3964808046706306
0.9619753872015342,0.6418831479350803,0.9626815475754966,0.6327521298380036,0.9763684087610524,0.998474746096463,0.9943391227705964,0.9581618388780206,0.9953370855929267,0.9991004146556925,0.9993687081700666,0.9711133629976372,0.9889912755842349,0.960842150853469,0.9880636022840366,0.9295200086432104,0.6153769889299184,0.6748737155572115,0.7000501937767081,0.2479913819881695
0.4720990448294268,0.6668033129981514,0.7967352013764397,0.7062275784429795,0.34221904964390204,0.26442413304599677,0.14370163276661968,0.16427053328408053,0.981575887848052,0.8326482436210748,0.5668829882822475,0.7112168029324886,0.5340086107116437,0.13368142211506107,0.3994015141409642,0.40358267354874755,0.19474289190317612,0.15769116314667625,0.21982169757532072,0.2655725881174971
0.31962631905006356,0.2809589212168706,0.5425447533926506,0.6934211702566635,0.7557377651094177,0.4668245711327304,0.39952789065947725,0.19291683799610604,0.25578928302546955,0.5850273370226158,0.19426330537790198,0.4086027545202092,0.19722326023316133,0.2180912507852764,0.6604129080850651,0.8780911195162197,0.5657848304150234,0.4221685304119678,0.7132336613858725,0.6425170169941964
0.8164991151979408,0.7234179513262079,0.7917700891346711,0.8870370622365102,0.7972148384740642,0.6816636757701657,0.5091149035693456,0.5121856436579286,0.7291681543789178,0.7166653729688379,0.6402216364351929,0.9393699129444919,0.919332435003434,0.4364831592175905,0.8648577908948365,0.9616585187903042,0.317071891835962,0.5437079091851216,0.9892357486993295,0.9352539935698702
0.7346218551562458,0.514503272642625,0.5161391409121466,0.9585300734709327,0.8246683640122515,0.494507841632216,0.4668959917376597,0.9356008225570234,0.7303101744983349,0.5225970192599177,0.575442990600246,0.8109730746457826,0.4277319147833234,0.6818033757116644,0.28298090171828605,0.15735296993611292,0.5678068502256436,0.5603210038893995,0.3370561540090243,0.4244371410398243
0.30280984241373493,0.18793568609182099,0.20961330293604175,0.6451392109472109,0.25303113477786354,0.13439285379008753,0.39394526269852453,0.4679539435272259,0.547125760985916,0.36023821146629054,0.49126011516181367,0.8541609195177141,0.0784621077689378,0.6275535362131464,0.1344791408075458,0.2968024837007861,0.15626461540209602,0.4472065146904116,0.5639240548284123,0.33521405354054434
0.27743826950143546,0.714119311680999,0.6301608477286291,0.8630130211851323,0.3036992231259532,0.2165294741844806,0.18459025653591793,0.37028117742661015,0.3499038775694596,0.030984206149466398,0.5359723319370666,0.5633469861043441,0.5342768735792807,0.7239919282850948,0.4736139120349259,0.46417126468342224,0.892943165531157,0.3404349037849548,0.29261211130965475,0.7162678617917717
0.560620788590504,0.6705594444257511,0.5147057692419499,0.4687338786415249,0.5150214374048434,0.7847980875848026,0.672654742370804,0.7985781202162225,0.6054317554077947,0.9312836217712267,0.9001156068137133,0.8584783294998772,0.733105557707721,0.7470877052670479,0.8751436677023252,0.4329751238811421,0.6199505274656698,0.22522530702065263,0.5557942596619276,0.5018452930671694
0.28971972107914706,0.4137422448157886,0.6230943934302703,0.5662223426621256,0.574632864131337,0.43821914110336635,0.27804597514767604,0.524215870929206,0.2971341736060955,0.28406805215396536,0.6157040352398032,0.596713331962654,0.26531886022968554,0.8972241612878207,0.7327075586248782,0.5682468474148381,0.552639292626957,0.11447305428489496,0.5866451815043258,0.5122058857096052
0.026058053788298174,0.4895784677646642,0.5605531473779478,0.23613657801274035,0.6127916398558172,0.37645227346855775,0.12650630557364145,0.4590041645791379,0.1660639266913208,0.5845780944950092,0.16408127782108595,0.5468028712746762,0.45427144350498544,0.671908490062459,0.9685638480169634,0.4320282774245235,0.6155226914060984,0.7216985985819113,0.2590522627970001,0.8579244156531369
0.25136447718397403,0.090878601650284,0.15069893397935408,0.6606199867773188,0.44991572932480306,0.45780243481711325,0.5915130609970704,0.6971639275695973,0.8278186557797796,0.9009470372856829,0.6339565195661606,0.6797016786557972,0.3126032988887427,0.6696255725135786,0.3144929185893365,0.6980542213490761,0.8622838511806361,0.37516229597784057,0.18049080721701044,0.28178535489558015
0.4248548559525882,0.457328481522352,0.25931293508471176,0.006502893085986505,0.06194368714638343,0.23289426164019478,0.07801426225447083,0.06760994838849044,0.5790200636547975,0.5458427490052975,0.7974329850001386,0.49677887462643106,0.3367325526095749,0.18879371853584148,0.1631155928596159,0.22752469992526653,0.6846018583959309,0.5758412672496265,0.5594206005477347,0.791966002643422
0.2747431073049901,0.5773528503456292,0.8362653183866979,0.47763277364985723,0.6150855678381425,0.5972738531698927,0.4507084621483048,0.43983034678098953,0.8538372720055536,0.47982769152085536,0.9015317391549843,0.8898843903215428,0.9356373965474283,0.9288442620492374,0.8004587652269595,0.9177666408138672,0.8259380119922787,0.44040661347163274,0.8962310637695787,0.9829795388070544
0.9002996865222466,0.5774098206748889,0.26973566959360384,0.5215936159784532,0.28392317306072345,0.18629183524831872,0.6187061605112951,0.3467115353593248,0.6210928270078312,0.5583652659131749,0.2987771332036077,0.5795267187394609,0.16121213007267116,0.5645476625546048,0.3284519891571116,0.3043163307307047,0.25933671574834544,0.016345821295336516,0.09834565686508956,0.24962371187046417
0.1770185268768139,0.13421052383866944,0.22764650838895972,0.5621042060253533,0.15092048583342138,0.5354517231743582,0.14942270539989883,0.47160097310101107,0.5054974203789094,0.5542100744578229,0.8157809139810688,0.8227107967367808,0.5754300004391869,0.4272799418539612,0.2719878938702508,0.09836315077625002,0.11584601872755018,0.01898236909287304,0.16542216545821242,0.5668821637429138
0.8978366264553923,0.4268114182376426,0.8264905644024524,0.3556116851714928,0.7792910258065152,0.6603836335094705,0.7053794882773691,0.43654886533700576,0.6418673739722016,0.43031421027819033,0.4551529405600178,0.5807458800337865,0.1205792215727477,0.2869837261269216,0.2689836886033322,0.22916632084007327,0.6140192730332195,0.7170034453885165,0.7176447612067155,0.48610580918138663
0.09273268412036845,0.11927899840728146,0.1046150790132564,0.9144578825093883,0.0920410844952721,0.1253059265916071,0.46396898552259613,0.010686006333520681,0.45375091127417233,0.26170239203925466,0.5850847443527424,0.7390911468148279,0.13360450777017657,0.369796435531471,0.04362751925504721,0.5835074607987589,0.5200491718882632,0.5511995716376152,0.6486380150264179,0.5364735969415602
0.4771242706711866,0.11331302441023294,0.3895939565462331,0.4562786260343105,0.2699820878503524,0.25984109335976,0.6788783308549867,0.7444048149012489,0.14928703311539948,0.32307103302965945,0.04080866090409696,0.469155150889307,0.13979676319680795,0.06272385922973045,0.3399553676035549,0.537076155785714,0.2548710615098799,0.4608309397761827,0.2055829431950485,0.28886286409979123
0.6459632704430147,0.29109673236132694,0.4161584697814961,0.02402059725717831,0.3496307701770049,0.26756225893125984,0.1269432403996419,0.22666495373001977,0.33176128382265724,0.2695033672249295,0.45614174825866755,0.4107693058526147,0.2985196149079802,0.19795324828317962,0.3009892710159417,0.01404174074236253,0.03626646993399146,0.6055280135158626,0.024505877974456136,0.04196689686037225
0.4371367448852148,0.6638776597905813,0.6895239023884487,0.7433837807463181,0.04415922173049991,0.10130538271690404,0.19965120432828326,0.24245817235445932,0.8641127086673623,0.7396327133548715,0.8906744040587562,0.7167315000104488,0.6915025268109287,0.5065728969629173,0.5521494359665893,0.8211778930032216,0.08611446356104502,0.5056069733386902,0.5098145315209327,0.37479213704573067
0.3586894258168154,0.44114248924129623,0.605798412085394,0.08955603921364252,0.9603773824651907,0.8630979085298414,0.940576026925193,0.8545292864143376,0.18919144865722382,0.35992891190139914,0.0880335391049143,0.10476910644427634,0.3127475326533887,0.8521107223600275,0.5295599001847155,0.566550368482088,0.6014711351425028,0.6239636618660653,0.21398157435326715,0.36963542146350986
0.3899326194194501,0.384673814974083,0.44649643720472687,0.21995799384212683,0.8497966114728381,0.626522348713695,0.679652720886238,0.2179162868591502,0.7457945967603373,0.5968871957539963,0.1345309229029933,0.4777373499213275,0.6793947279709257,0.4815803496116344,0.933863475332696,0.3252380443095917,0.024279613945150047,0.4054927082004666,0.11332182902237964,0.5056940574364966
0.674082382299481,0.8442604469255997,0.7793290831438939,0.2483125214827106,0.8193085363306775,0.3237286233183989,0.6104121986008236,0.6088958883080322,0.6802732636468298,0.6435119452710036,0.556316239647317,0.9038112614221663,0.7268459102191347,0.21849098062190403,0.3519593359184867,0.9293139765433961,0.23270491139572713,0.09811881126438421,0.31296635981797694,0.19421155948981372
0.08911055383446431,0.08477658690433987,0.39796466273925707,0.06814360984194817,0.4975692788785387,0.6576730724469673,0.477792998556653,0.3805329862152501,0.6840795102439436,0.6758676196613187,0.8438595717321542,0.3092893394017175,0.36879140399846083,0.3308280418212165,0.1867921755502679,0.2303187406008365,0.47048857828112145,0.8605520628386829,0.850097485345102,0.9680997612522685
0.6843142173331394,0.3597214743816246,0.9273028461722876,0.7661213377204679,0.10354049907631335,0.39158722850995736,0.581910954872886,0.4154775651718394,0.24391593088773716,0.7634524159115741,0.24812133735419273,0.6490905047870024,0.716094439398895,0.6344862943010146,0.7138743910168343,0.7356894314673268,0.17345734259645518,0.15281268770303047,0.4460326797789226,0.2086175218132798
0.018072087991377717,0.06190473541180863,0.03291672380488592,0.19505709052286002,0.5096835444599247,0.5563512701106998,0.8485885210947832,0.7595670295055523,0.16630530038138008,0.34737419636457645,0.08062173478366114,0.20620960285808448,0.24917313197802266,0.34566187476474663,0.042055507737232045,0.1431222555297912,0.02014697067392396,0.20309666571941037,0.07874152158815062,0.14755989572128853
0.5613698709516983,0.853686686996763,0.7471633782509379,0.38115259251761147,0.4061511202354032,0.5833916145837904,0.6471853516831005,0.3621505773766451,0.3359607034388385,0.24899389060186472,0.23433589033657115,0.10377576841263098,0.45761603078794233,0.27310899346884,0.14676028026617155,0.7024154388783364,0.3681340601852018,0.27771546908447553,0.35039568821944306,0.1108979957510633
0.45507867632031085,0.09052612248183334,0.6330382873074916,0.235985716737647,0.412827588860427,0.12592057984093136,0.10661262998207666,0.45048066570636686,0.5588723017955843,0.12022278794918573,0.5004674012434336,0.2592017957081452,0.7774836397858864,0.7511501189553086,0.533742083802701,0.6057392976920402,0.3753531055557068,0.5066877498470806,0.37456307924396876,0.6831016878444278
0.4644393208495139,0.4710519745919865,0.7259252757369611,0.6189488219544628,0.030715895652599468,0.5929170364647482,0.07845545526277836,0.3421399977981784,0.12598465888474703,0.5798741040659845,0.30000478338966396,0.14123759153378196,0.2677667035113823,0.22467053278691673,0.3921911539739445,0.6544734510225885,0.320555173097426,0.5029833542873132,0.4808243003943517,0.6211826718193444
0.8608754576369846,0.5666525810166448,0.5089060163945879,0.8563443718958085,0.2523904291251322,0.2095272223426825,0.8259162935086548,0.40939889910112837,0.20960770563108422,0.5033285574781425,0.29416123566720953,0.14798774968960515,0.6409303300691622,0.279616196088116,0.43322578300630077,0.9611154379402059,0.5470215816578463,0.6221724199598387,0.3272214937238318,0.7952743264223036
0.5702509124821123,0.04231650480751409,0.10238803837416832,0.17732858863913853,0.08448530811719396,0.09503284966106723,0.1654073532323883,0.24007043188452581,0.3124408163637728,0.3786366273375647,0.6657060629968136,0.30746854711003857,0.030955342781855744,0.11514042827017823,0.24569983864178413,0.015273498582930145,0.08605133182419,0.02511808586185338,0.05538090483022756,0.051438213628643537
0.7627499548848853,0.891574340436679,0.5393947918622871,0.9258224225928373,0.9455452509552236,0.9248339267151933,0.9317858076906519,0.9759100678031676,0.31702039705827517,0.7508702385177319,0.7791797713272375,0.5156117741872324,0.7922653549462935,0.8173877981498587,0.9583623418172764,0.9142269110185726,0.5073403449589121,0.629061716987688,0.7922314870214064,0.919003633202945
0.4592762055199924,0.6420609111239814,0.45694836023180585,0.13348508076239124,0.2396473380097941,0.22044738043199275,0.1349593154507498,0.09814244041898279,0.019728792366723757,0.23831728745422082,0.4327744344175531,0.1527897061247268,0.0008994740083476671,0.03762582879024623,0.11288877404968117,0.008763907882000321,0.04475587790021718,0.008317658846187626,0.0176342281236071,0.08362093643645635
0.28544343190153215,0.5772004829627543,0.8355514031557307,0.2621735642359504,0.5591282401544482,0.7110838184534931,0.675760707207351,0.4821992965720221,0.5981113326208559,0.6100758355996907,0.7542394764136728,0.5965324251318896,0.510921325191397,0.42174854915216353,0.4468890289066382,0.42514788793138236,0.5963648226777452,0.3226410262417613,0.44726982825084427,0.505257813179797
0.7400567354999,0.22980969910638044,0.14589342952525614,0.8708283134833095,0.6750639487065899,0.6431466604348499,0.6827161914896581,0.9115162095633024,0.17528240887353458,0.2367459977370815,0.459742352847051,0.4501496604679244,0.35706009977231434,0.3516594070883951,0.2655489777621608,0.2198729366186074,0.7278898994751726,0.6715375800299238,0.8536412708922113,0.8350765926201651
0.4564475059087466,0.24722492340711283,0.2632641006697375,0.12972544512705508,0.8916460747830005,0.14476304812744356,0.3694950198632476,0.44454682516729804,0.6063340193100164,0.9357785406713045,0.963330164560258,0.9766313641590083,0.37603598175187125,0.48516469642731397,0.3683272809527946,0.5559270171378763,0.641275187849407,0.4644903613638717,0.32953586126687306,0.4029149450861609
0.15128216151872564,0.17755985060768048,0.490945906905851,0.31339333520644175,0.4080534628611143,0.40211712654109166,0.5576200277298865,0.32966038619503474,0.5083774653637354,0.42780014693164237,0.33189801155568466,0.29799214918855044,0.35968880881098053,0.5858951162234913,0.3185902560249866,0.2949915109015553,0.02925323064134011,0.04251763275468157,0.016510627894029573,0.08825288285309718
0.11491744238855656,0.38852040074313265,0.4932373461710014,0.4669714765123264,0.0753812782971438,0.37770405174939486,0.1970107935333565,0.053835862313464045,0.5065974470991672,0.08555799053790464,0.6070182827473398,0.22985260956598141,0.11503188705091416,0.5215706532143067,0.6439656066363957,0.1598072594665807,0.7656293150071061,0.2898742304728955,0.6843096172288966,0.3523309756877341
0.1236256063331575,0.6158980919907111,0.4648727260692628,0.9342011013523623,0.894890758462878,0.972041797715523,0.9809039611107238,0.9966484407177613,0.5709024114110892,0.993160272979861,0.9409380798899851,0.9248307822692976,0.9685486493307014,0.9920829120727175,0.9349378487171665,0.9776743291080878,0.5919882107582118,0.8558413387976547,0.841515895830675,0.9497134874495894
0.3615629166619493,0.13400250776168376,0.27214042321398224,0.4515849531024759,0.49134243839250114,0.10281602141978363,0.8985017250328016,0.27138877482975265,0.5784168718426846,0.8393393936583663,0.5296674369995059,0.10907984837219631,0.5085956091316522,0.2539521729236597,0.25559378280692846,0.39086727779847363,0.7418518063002433,0.21139011041535916,0.34485745186342626,0.8101390157641859
0.35399322402596467,0.43867907783412796,0.5566160007266875,0.2396783280913774,0.49547126077562986,0.4698010141836231,0.3264058292120063,0.305448489245126,0.5433183123398054,0.7120373287467969,0.08135375037575471,0.7710098832436928,0.6223181884000071,0.6987883891263637,0.7519251199571437,0.6501237046337539,0.2232959907270412,0.757042388707837,0.743043284982219,0.6390638452974573
0.6830078714773341,0.5703218895634501,0.5919801885112563,0.3200853609280041,0.8855019202094814,0.9482112151885438,0.9105318657388382,0.7419429228452222,0.29711648427646525,0.2675407650004026,0.7227303113786245,0.636404342220232,0.7282792685397217,0.783525513033515,0.6209007813103385,0.775883255049272,0.9231579597653704,0.8743972672669219,0.9555246006668411,0.8273158392421827
0.9327243283604894,0.9806768673771,0.7707140978125796,0.9532848001769779,0.7084165539331477,0.6767311845567101,0.6725989909145362,0.8596755967554207,0.3486636961378002,0.7255029932800714,0.7962637770645584,0.27632028235034256,0.4691623748335362,0.35492481031990786,0.5280474139057595,0.6510435758241672,0.20469410699320506,0.8111292125327014,0.5927271605913901,0.33253895100305864
0.9948336913441465,0.9686187432267034,0.9608224249067985,0.6489003161871796,0.3828354069552211,0.06079516316900735,0.1779018275772712,0.07366009973889281,0.5704621039082105,0.4967116386490392,0.812970022509278,0.7983234099421341,0.4393309090981843,0.24436517404580332,0.01830931473384506,0.2756662067666077,0.24736901920900656,0.4496155732593391,0.5483246120710389,0.20948058908276618
0.8191782195828318,0.679632520220645,0.9371480633703619,0.769849825532963,0.707335899653722,0.8391744372909355,0.7445124215244128,0.6601973012341553,0.8197972405355038,0.5856335209216995,0.3667791886575891,0.3033917939668957,0.529884892506049,0.6082569286944184,0.736245446197756,0.5117210971958053,0.5404814188071366,0.7339544372572664,0.6214321437710537,0.693746098486078
0.025373311372582696,0.22879506344267925,0.45587831778202514,0.4963629866419588,0.10023911021512355,0.15599340318493382,0.4968610593393042,0.3289676155304043,0.3390486601216202,0.2983631925484489,0.3078008894613933,0.4075583532803637,0.36675523381319886,0.3901442457868602,0.32991328043617335,0.08356711582491799,0.3174762327942017,0.17350077507648048,0.6043318750004848,0.38325860523619926
0.5182796640386942,0.6926749528310405,0.6081989251712038,0.6557206669617749,0.6334788372190134,0.7520038633246432,0.7853264441858996,0.9184254807058283,0.4910000334576852,0.8205969094793626,0.6700449275419369,0.9556936480567899,0.04946403816243128,0.2556073753086959,0.28281296295120617,0.4075034997963085,0.1950079232221481,0.1547208926468739,0.23868596853314122,0.03801095511332858
0.48193251385478997,0.6034591414451551,0.8469331781554362,0.6642651928471649,0.4696951101662696,0.6615561738444905,0.441881927376116,0.500922886388638,0.020208848693579973,0.21461165848907549,0.09750240438299806,0.14737892825457566,0.3719889577715927,0.23483697611922072,0.5257507353511697,0.4346087692891213,0.6149064177626109,0.8282286271064452,0.381430902125634,0.08259989403521972
0.01408369844625279,0.03408642186705835,0.28721390950133985,0.037579737915372335,0.03970241558112175,0.04094763179025118,0.13204347182676596,0.02186105062011623,0.03854418822044653,0.1490331397943171,0.08378300504432484,0.1668548217381864,0.20329851622509892,0.11898208853995373,0.13448864456674542,0.00677725097969939,0.016294762562044873,0.034451094312335395,0.03320132914927337,0.02115597758440907
0.21079326213774519,0.5935874235649871,0.4316294543534313,0.7896783153191638,0.25722448422651395,0.704699089079497,0.3783193460839514,0.26922946856174995,0.759941723845086,0.19917089679977584,0.6120844146230124,0.17406569514481018,0.6162644402176592,0.3768818419145096,0.5640256863293723,0.4074060517480396,0.7086362320983729,0.3648113225297101,0.2821589381955052,0.5294631211705055
0.2847667322482982,0.6534777908628414,0.42895241021492175,0.397378726826731,0.8170379293258634,0.5611010599385421,0.832218715694824,0.5522612103383432,0.9090515228951059,0.6959087584452281,0.8235310577212128,0.3603973650270939,0.8130647609020512,0.9680335713771304,0.8618609720724038,0.9837311546704137,0.8324354099715199,0.5401801920973784,0.9758698662653398,0.9415461751459284
0.734410016047544,0.9715710349056941,0.8833247632030418,0.9554991395707746,0.15156727207129755,0.7124862774184642,0.6930500995453452,0.22417088350713454,0.07966016994119313,0.30187434568078764,0.11384752069264348,0.30849690010475783,0.5872255530012196,0.3543184829528784,0.7471776217130848,0.6677654284923102,0.6631670629196582,0.7728910677101573,0.32353955969565423,0.40507007152529906
0.5450476590869169,0.3262838941890178,0.10945948384564841,0.1532837771844549,0.024375916162614697,0.09908190467818162,0.18724506401067498,0.028136515595214906,0.2777923925944626,0.2096858285467258,0.49904895492371915,0.13250328060579547,0.034845240768892616,0.011489202532558473,0.023151589432998,0.06471394644177897,0.08502099660924223,0.1067171095216699,0.04173012394502906,0.31078872805042024
0.9071124014265647,0.2682689458640602,0.6910480465886435,0.8808916965992302,0.7013725867594558,0.5600982072723281,0.3607250539677075,0.21635858026425142,0.6871497450791867,0.37414980509185125,0.798244862906626,0.4850060697441094,0.19279221142299457,0.20210121447892948,0.6690055428701824,0.7307504182068517,0.6993098290904407,0.7937468444436317,0.7977960577685619,0.607642507654252
0.0763365368333358,0.04445832352076767,0.1854452214120696,0.5586102941347767,0.3092487674839849,0.11152242522668598,0.2792249645028784,0.21649711961230905,0.9253074698878028,0.8462588420799055,0.91935816143099,0.9596117763617668,0.24236358338163072,0.24923319970146884,0.7676433724480373,0.3484869346249927,0.7582503514731085,0.6227825545810481,0.8274524640476776,0.1702151189678039
0.05756613974405811,0.2744445915082619,0.44479422313396766,0.3656698068606963,0.1474259613743375,0.4626374257618242,0.08924365852112753,0.2806549219373804,0.8985697246729127,0.5342449777762741,0.7700343275200647,0.6751924966280516,0.28344951980089306,0.18976861575238146,0.4643937611916573,0.3625292990938118,0.26771130231935286,0.6366083500628621,0.38522811588249073,0.4663741066262326
0.9631386182731124,0.8015443975744553,0.9607724150905713,0.8754721981249018,0.5432098378962524,0.6977757491078487,0.9726724493431007,0.5436840773167118,0.9787150789210827,0.8682469953426623,0.9637047365636883,0.9302782045039298,0.49228264519143067,0.8963620939672361,0.6340163988016587,0.5486470158048743,0.8715393771357947,0.9487463826317546,0.9805308015355088,0.9199854621922834
0.0683639003940204,0.006311335946165064,0.025643598120163924,0.10304955736679816,0.2808609087449444,0.7760182184415938,0.6445509193081426,0.18229879480824157,0.08458258617109671,0.12383713847910516,0.5011389640369608,0.221198188046154,0.5572607507128645,0.15800083083714733,0.16595055909773093,0.1967622525374605,0.4495438013912521,0.7235699847193607,0.6385145329276343,0.14789304581152152
0.1994532620782523,0.28982525565049433,0.4232842292976191,0.6750811746623675,0.230616521555376,0.11773533120472873,0.26203527597400733,0.24436894240257157,0.1869188565761915,0.30743801424473405,0.27660257301544067,0.14841320795992802,0.8153281589686369,0.7522174478348274,0.5835231795422002,0.8060566528643347,0.2161008136556058,0.6220952994099581,0.5637408965096005,0.2518890607950355
0.6902930011273158,0.7904855113391632,0.7857970438143544,0.8082153046072358,0.06830751675403796,0.24604055276284548,0.20410371916088638,0.1448986434233896,0.3524625956354817,0.567513599995433,0.19544603572767222,0.4076414242722483,0.2588337306730418,0.3160571309262589,0.10585356965027165,0.18802549557963633,0.5328756415991134,0.23851346199142565,0.25655873935926565,0.013809100944686514
0.7730356618998493,0.8955440088631124,0.7560128718714043,0.9184337604841081,0.9731921739958637,0.985774461361369,0.8841247359754938,0.6811786052696416,0.1913828515741821,0.3877519767309835,0.34757479162110894,0.279593626820022,0.5227361766097577,0.6635431296399765,0.5922558507155177,0.9270461405367485,0.740650536413725,0.8852529847023172,0.951956299932479,0.5141609268009598
0.6892880545088569,0.7745489471423705,0.5315656840707429,0.8687630055386512,0.7224174945728389,0.5976930529720799,0.5645597451482114,0.9259943108401509,0.5952279895546843,0.9352211702901118,0.7503212345505363,0.3602163830341213,0.4538519390967467,0.40445702102239683,0.8532049442989945,0.6500910967934503,0.7126671765944881,0.9349116256603393,0.885974614140289,0.8990503598881061
0.13015075444299495,0.2263928593256066,0.49982455612928045,0.5149693247368157,0.7056119606596771,0.7832783367930519,0.911321852427279,0.8960306353680481,0.8359428424185311,0.6032702445125658,0.9134907831915846,0.6488906436369059,0.9321745514161087,0.876575707281588,0.3598611838292223,0.6361504114390327,0.7631437152998005,0.8474265912941052,0.537871943951077,0.4538232119407773
0.6775303820531389,0.5761689734166142,0.6195550666888513,0.3872967337407967,0.19549567137345925,0.12418324339398529,0.2019998090866948,0.16461697174581907,0.2840350880683966,0.4026984618089492,0.18562041225556558,0.16691262570576282,0.5462405273704957,0.4671756602958486,0.25570078227315873,0.08877337638284416,0.035559200689031956,0.15770572139152683,0.09640226393025875,0.03721522835562979
0.23787665485933057,0.29218186211764974,0.12027927197057958,0.15343434117198534,0.3711867945963515,0.14500702421792877,0.2424361532277411,0.0998204906368167,0.09393880858695641,0.1176393102590036,0.04474914549458625,0.03877470605829375,0.2997637985768479,0.2659029466217793,0.15048780766601738,0.6656668636062401,0.02857162876457131,0.030587444382267348,0.0061458971746157776,0.020004687962300705
0.17757254786667492,0.07729575820737339,0.5165043280157614,0.5684468774821969,0.22832258212893675,0.3304250890312358,0.7444865658132349,0.45879566388712817,0.8721386254022998,0.8283969456263902,0.7532742796406628,0.7812460902573375,0.5220128308330849,0.5444478167245538,0.266985667665803,0.43372569375180836,0.8179254648817338,0.289908244070205,0.3836717246889666,0.11291485881294538
0.6927877710451578,0.8123842838894104,0.7835861669394595,0.7368312483500282,0.47587978386213015,0.2630282876574672,0.07009184863755746,0.093726997949373,0.9918837825895881,0.8209690812723923,0.9401079333410547,0.8398740265071358,0.9018420885893133,0.5493787065728172,0.6939367360272612,0.7305901956489735,0.553569922331473,0.40618721197036245,0.47393444874589463,0.6405291296360902
0.9592511017066414,0.6492479213396348,0.4409491074282761,0.1463103284996588,0.39838486821172037,0.3025976659182288,0.18071129926003027,0.47054705575076367,0.39244434243492843,0.1126103996077168,0.7801515983334721,0.6062270117265829,0.22652934864478924,0.37397412384401907,0.3473971120019049,0.4154314978498928,0.2751731655133779,0.18157272979419442,0.06065222479408683,0.07380585176080356
0.33996366087357033,0.2713640599893018,0.347325185980883,0.1362377306124229,0.172414508026547,0.19465350618722865,0.3320541031057435,0.4441689511889291,0.9072779409670251,0.8706991175340824,0.453752843634657,0.8904756295769751,0.9802772388711534,0.7422659922982292,0.8154440623414627,0.6023564831265269,0.1567963127104905,0.17895317376673242,0.10548940106957722,0.04885573752317879
0.05557903437368278,0.5269130719073596,0.2564876876879156,0.0854913257906404,0.8692380299110851,0.9505362251801822,0.9209245014836299,0.6400854870166468,0.5335260458078636,0.9863474560097513,0.6192688228471426,0.4431475544199923,0.5632644102395123,0.1937315571282338,0.8100061741881321,0.7646735433631247,0.795935916009473,0.7078514485831491,0.9716260329527637,0.9514517535733249
0.742549265550789,0.8553277965755942,0.8874254805552195,0.9574632142713533,0.7574168014659391,0.8644009354373636,0.6112252626324869,0.9631541044034717,0.4792416733450661,0.8356110692928479,0.16550273391741516,0.8478724363269714,0.8673471328286142,0.8395239228383986,0.37532844656829617,0.8149493676723156,0.4389658303864506,0.7024941233633435,0.4372787434348718,0.8046859173925732
0.06304589708437652,0.3046003847717056,0.2743797859230943,0.21928694703298146,0.2804046614666834,0.6002711391595517,0.2139296833515245,0.5471034229962805,0.3112814184159015,0.3632762680744963,0.3041639761392959,0.19144543671333558,0.45966036212470507,0.9591058004637785,0.6905389549276129,0.5085804773809192,0.322628206797145,0.5109681227022119,0.32528970661179024,0.693617642091874
0.897017171561213,0.9661822792964888,0.8824049580210866,0.9782587438277953,0.9307740345446762,0.9570107576072424,0.9056487387091656,0.9267184578641681,0.974747899004415,0.995005989614307,0.8153437932841139,0.8913647608567993,0.6925671092129171,0.8413930753143251,0.7230235959793487,0.9272880586223556,0.5563471449364726,0.46951996738621005,0.9480391667020123,0.644338042553919
0.5120605645258113,0.12732890184805173,0.22895513921856558,0.1830126217951607,0.39187116817835277,0.12714578235050306,0.2546036828290613,0.2181254897655296,0.0786083055811404,0.22632475339328378,0.1330672710194683,0.4762023116660266,0.6936550354731261,0.8257333325762429,0.37518377669987446,0.7447071682342833,0.5439992335049368,0.20642163017059367,0.23035407648042655,0.2727063805549238
0.22179815528862706,0.27567779147022753,0.15333313793716574,0.5314377850253366,0.26993433308784454,0.1720561410433712,0.4338776062605998,0.0679558308506133,0.05986432625663507,0.155555191408626,0.14713940768683864,0.06784499480828166,0.02348086673600358,0.034454718915358784,0.1037222434957425,0.051353075034158535,0.11903525319034414,0.0028042057056558156,0.12282471348776891,0.11136093212247361
0.827747726407621,0.8098488943644075,0.31936366406349526,0.7548420520174575,0.5419296435339427,0.7738529669254051,0.7215398079655133,0.9473076479648563,0.8534662812682416,0.861417987600594,0.9316216433754009,0.8655756269570845,0.33880342959080223,0.4790263261902237,0.908517425894342,0.3662975474898614,0.8515011498833247,0.892796486199325,0.9289624555679821,0.8962158757938354
0.3482048562344737,0.3573081402009607,0.0443448574492728,0.47440020839234415,0.3717136294830635,0.43830900366139414,0.3805082646699853,0.3989669357796049,0.22782545122215997,0.18496013367571362,0.14264156733368444,0.23475031041613276,0.4684550001116891,0.14925523765372029,0.3036957416189846,0.78159042933256,0.2686649190984134,0.368521829887392,0.6753876787819326,0.29856425936940834
0.37543776625778896,0.14338084231747172,0.32959497527573245,0.6013709669002267,0.0028622476500733685,0.1557854180418463,0.23045519132074704,0.06312754064828796,0.27600444080456854,0.6632814886504849,0.4652133135898403,0.6095427869373419,0.5869178763967575,0.741193912051539,0.8809848021817336,0.6169127052434495,0.544827449538434,0.7559351736133463,0.3035494222641886,0.4589960063330365
0.03199870356863571,0.00310730014840771,0.010525430334132557,0.004852497436209968,0.060600821883455114,0.5012283479015627,0.32834751916167915,0.4245756259080518,0.013204958104619857,0.013566556438456168,0.0471780521853698,0.029068309002461046,0.20404730828453832,0.625781418110138,0.04062085793909642,0.44896300377603854,0.3908170934705361,0.1268991505407029,0.04624941720567233,0.3392292213894704
0.8963071332246794,0.7730422791532161,0.8326883820491406,0.9422620850083734,0.12257319678687273,0.2790620705339415,0.13698034092056444,0.39942186067047103,0.3212462548621565,0.12324170869541473,0.21675882768611038,0.26556290712872055,0.2890212475255967,0.5879706496403906,0.47239914275636824,0.2989575896837129,0.4985602585820502,0.11885987956035998,0.4482108210099913,0.05487786032931313
0.28441138206973604,0.3069622972884345,0.3942046439743707,0.19280201689164228,0.18080207104150087,0.3038525549013433,0.2741443392892111,0.2947220133239824,0.6289576342276739,0.5321401943004748,0.3588143381934652,0.35313345026522436,0.12422070465355944,0.10042551164904823,0.22467467650282308,0.31274016927230647,0.5867410440768421,0.7756378746097297,0.3654463303896926,0.467157087163603
0.24351755636804961,0.5673024905563296,0.2613706768313454,0.4850593137443453,0.4860418666217295,0.6539419345974946,0.3333029750982629,0.7821272692145855,0.39170017765791854,0.2232027173040837,0.22547944351881477,0.2951378978762236,0.020812943572457387,0.12164867798212525,0.1884700705062638,0.1403631831225186,0.15040466501205002,0.3476378521564544,0.2965189571422308,0.06842920396568491
0.4568628971343906,0.8970375285535106,0.17237989015636696,0.3156533399273367,0.3197010063694217,0.09593414645015447,0.44015818857622946,0.2934752030098181,0.6450653073029449,0.8936768589095492,0.8117023972581401,0.922498248641168,0.7888982310236599,0.9045072192898778,0.37591906805105746,0.48282182109990995,0.057410384420135796,0.0901390762646988,0.13396462660960273,0.09353419555425552
0.8024383898503008,0.6705676607959222,0.26332919171938796,0.574309198652208,0.33276860938443775,0.7501080812478758,0.8622611318737832,0.32125043247174934,0.9179983743922344,0.8464564430895518,0.6410152752013091,0.8676149424038972,0.8623221956526947,0.2511747206762633,0.33000279698038126,0.3791564084590292,0.08536982435750651,0.5727851217486404,0.1557130029957874,0.7152020659931693
0.26904970601429423,0.4179472098819328,0.18213224497505454,0.6823092580856622,0.36351497163916047,0.23665507973797567,0.16904982782789613,0.4172916495646032,0.5800221198841744,0.6737414795080843,0.7988255224016394,0.4418078748393566,0.04872412134210474,0.2723201600181876,0.06792277148769904,0.16919913885444116,0.8220659790785194,0.6939950421225276,0.6335977202759986,0.8887466578939134
0.37834744700233713,0.42250448467989454,0.5056984115910993,0.8340575086296375,0.7410339458068123,0.687829346883174,0.7468597642527169,0.929230145119095,0.45113589089865896,0.694764876088974,0.6928859003312422,0.15855472616331068,0.633267377708943,0.7909713924196586,0.9008877001773989,0.8336524747891088,0.36331585678001843,0.5580190457669628,0.6063885199759752,0.4341287567491747
0.9967708535845559,0.999686822436065,0.9999782452002657,0.9591771657212825,0.9982251095206902,0.7974444563424705,0.9890569961112119,0.731105533466622,0.5144000330054342,0.8723046106308749,0.3973889222084431,0.5802398809876413,0.7269305697938673,0.6351549505156922,0.28905950094754923,0.9450301739524287,0.9791411407417872,0.8818265218277485,0.9862157753218788,0.9824914091305426
0.745773318931992,0.6349863208253377,0.7665392399332573,0.9611426090763368,0.7235863484097214,0.5884437294287527,0.66183851289062,0.2469131525678961,0.25400302965701216,0.4171901790972776,0.23826570826541726,0.27701904501134916,0.34080811102137537,0.3255403410767299,0.24632454887154864,0.7693684290643172,0.4278865908883561,0.2965357486647022,0.6703398259646938,0.4241394376371208
0.6403379910463056,0.4929324985311901,0.843642885861061,0.6272047881511351,0.8484119131597816,0.5430580760025712,0.5855465682360365,0.7067221908779495,0.5364529991501056,0.8758263265029913,0.7506215247842444,0.7301954489828926,0.8961583402921985,0.750661107211309,0.5996122372134286,0.7629702358955052,0.5075951443526653,0.43653741529111034,0.9004492125010546,0.22443138300787213
0.21524220703547775,0.5037570484079504,0.018724218568586082,0.3197876222399636,0.4773978034839694,0.1365477595593831,0.23381746578945534,0.06936072035477148,0.7061398979718269,0.038188069876055886,0.3986068564888041,0.3217479591212197,0.20485527041005075,0.4500967934204602,0.13982949266344774,0.08479601173238793,0.4208818181933427,0.12858052385208324,0.7445427361437004,0.3764906948966445
0.515442112834225,0.3019578191546502,0.17540384864557823,0.8010934447444846,0.9869094170502071,0.8894942813889425,0.6731867354140346,0.7951117769797389,0.6605219859711031,0.6844725596629552,0.9232955601003223,0.9175541565432863,0.38252473491671946,0.43995016865852,0.5397537126544227,0.7312249784839449,0.5003614852888777,0.8462148775206103,0.653133596792914,0.8919844600704543
0.7536141792366258,0.7374230288723723,0.8818256140937603,0.687797420820017,0.06566655852089837,0.18061763024714156,0.21785856859077812,0.2144569425903392,0.4128807695776963,0.22939188535921867,0.6575900019287431,0.5752842593846372,0.1402154882319362,0.6782679880959248,0.758482967641768,0.7272638871298176,0.10880718074732315,0.16410242364320998,0.579647525237179,0.22069568195827827
0.8822944329911238,0.9127713659456115,0.5364391496886509,0.8673689143638761,0.9214583963310856,0.791638243935854,0.8652075197300271,0.9945360424243673,0.6885476740638282,0.5476480468601963,0.8360892999444041,0.2281930454057321,0.897186216577285,0.9023977372419358,0.9807507730007197,0.9927885720193745,0.9973432966804439,0.9021762300992446,0.9947304848614397,0.7764833431676369
0.6382625011667692,0.7336306695312815,0.5027228349445056,0.5161711761251431,0.3105377773702182,0.0669509335743963,0.31975930207318815,0.13939728814791325,0.008890569007195204,0.12415643561276307,0.03166652796158198,0.05450401341325056,0.201629432051885,0.0719068049203474,0.37174683769234973,0.3526657098869648,0.2746317612964466,0.39585349600354813,0.06675974708138016,0.20454292189659273
0.4195637091781694,0.21968417117694372,0.08187260574300587,0.20651346045174102,0.5395019463262476,0.18697537494737687,0.4645339075038081,0.7517477468881368,0.04577141826028175,0.7796428278685366,0.22970297574628773,0.38018947015985394,0.25060015532460167,0.5627141357960307,0.5431660316100796,0.41819631789294964,0.256424739636771,0.3998930678721443,0.28802561316348985,0.29045090036306065
0.9375829065209748,0.4765624447583321,0.5477497867159735,0.8280907550020549,0.5265271521749765,0.2999310976447359,0.6984878153834456,0.1307743861383318,0.258480035861266,0.1914409943810686,0.6316890474786684,0.5285053757299829,0.42186971257122874,0.0801490709751222,0.22737155756384886,0.25685678374351906,0.33375546945707735,0.1593509641447804,0.5029807960924686,0.4604328314183922
0.23870702612597194,0.12399769459537013,0.3192647625674383,0.3481041909165764,0.7840887983915035,0.4977940829826089,0.8014211028342546,0.30651466379779396,0.18523858273447535,0.07941454097107015,0.3062034807811258,0.48846531560689,0.08586493328095379,0.02152356112577758,0.16680805211245336,0.3179385770296454,0.06949410924469546,0.07274072121326641,0.009206324709649882,0.12887510841784378
0.5815571159113873,0.9275720714296865,0.7552696160219005,0.868360821460562,0.17845742184421948,0.2494364448669834,0.1346947304899449,0.4344561417088356,0.8197903963923237,0.6928323157682248,0.606192621675124,0.5163869311935282,0.939418128215169,0.6372319004374574,0.708892803278702,0.9739762602684809,0.8746516672722799,0.7807704083313736,0.394998731776638,0.8043373184411757
0.2794515778218192,0.546153807232071,0.8618189873530503,0.8302423271921555,0.7634238970574931,0.5626479285976478,0.2939564211782426,0.648522335833158,0.6807715864579161,0.3680185163451583,0.8648003952311664,0.6797292721619453,0.7075899216662382,0.31688536739530637,0.32402755515647863,0.546312647026905,0.558801262830189,0.8286345060231173,0.7541186145165808,0.7932830243606576
0.12366223883128863,0.09253114367465415,0.31610421299771696,0.4143119856301184,0.5080127320890404,0.5060282909109521,0.2152156366453673,0.7015884768012953,0.7286410920443976,0.26942448546661074,0.2736060391039803,0.011671201787755214,0.029811624219582722,0.12344885026604285,0.10108593058269755,0.04494401545327287,0.5520508710977461,0.6884821834959193,0.4993406977121213,0.7245116270279566
0.7994051925991585,0.8469791435126766,0.8258188275682679,0.912493014402039,0.7965947987739848,0.5092067079675867,0.48090691930462315,0.8599274805501602,0.7326679612861067,0.7093692017661328,0.887077017844726,0.41886337007881597,0.38358041005363575,0.45854889847137964,0.7683651565615872,0.5623312413718463,0.5040755224212863,0.1687296455175975,0.29720532284554535,0.758577904026965
0.2065353879353321,0.5884841355651397,0.5716452676635003,0.34199298026971836,0.029366654327636244,0.8301637416421719,0.4942701544796296,0.5046211987200253,0.10477585507230108,0.17815755716827908,0.3241852452219334,0.39553309163701744,0.27862816562852966,0.0351818003447405,0.6992818140477066,0.18539050374655835,0.05656802801550259,0.13291561951134495,0.14087273174786064,0.05542742486156327
0.5052989698239502,0.8599265977942692,0.8733694860399637,0.2745449122407927,0.4748754426359257,0.36415662986964803,0.15094140859682292,0.20774611306576846,0.0905401940022843,0.44454527769579144,0.1945567698391163,0.35609640525892794,0.7597699979354617,0.6264085135189399,0.4441564571803219,0.7763339272540963,0.5355664910708404,0.08973966612627482,0.7804655070413294,0.3966479188990839
0.5377435818142118,0.7330613941921409,0.8437481878551913,0.650880687904179,0.7383427851668554,0.3193007250714733,0.09705854825847299,0.6936036869437889,0.8621354312295534,0.6853491571527826,0.7550731476939627,0.8968866219725782,0.9572161929472887,0.5924082042797336,0.951288506028259,0.9335174777365142,0.50635268543125,0.7369992045004816,0.9086365339028113,0.9472753102473881
0.6232934331450437,0.6531783437522672,0.33233500380604675,0.5309167972804095,0.6187330070732339,0.8919088176769437,0.3023012410956695,0.5157454210609611,0.6306127125175033,0.3390979931345478,0.4252867290697306,0.2638592083401805,0.9669536730859596,0.921573716549428,0.798491999105906,0.9473296536227838,0.16831258186277925,0.00977952504602242,0.04380746677847114,0.08372182031138187
0.2530859569907603,0.4662665620644577,0.48921129893460924,0.467045402948568,0.744894313666326,0.8775170621303472,0.8151198147699141,0.3413780477174354,0.464631563891874,0.24244732806003472,0.17657306542666384,0.45893261946802577,0.903580704261554,0.45523955409353034,0.751000884105977,0.8573602753969636,0.34096274131414567,0.5998990161684384,0.7653482260624338,0.4918387318652079
0.8968271705631597,0.960744161802966,0.9686924683957602,0.8013005474635952,0.8987628460033487,0.9945982548689132,0.6686483589766579,0.864707579223994,0.6094171959291624,0.18600600454129673,0.03861656896221605,0.650986033004421,0.7543906183785295,0.6133258854215946,0.9062411338197197,0.7034181352158668,0.266138010603994,0.6786075966941322,0.5461837783678929,0.26946272345360833
0.28716123419635264,0.381605532897385,0.08161329412067353,0.14011316303857396,0.11771379884655897,0.803850241643304,0.6517367255565563,0.5905976415504709,0.6009576280715114,0.6790580283799025,0.49056157634777364,0.5794130124653665,0.46391560324882924,0.013460131760603289,0.16267371434930744,0.5069021354459737,0.7388773480167776,0.39335423054866664,0.5748482481082362,0.668466121157029
0.22841341091268175,0.3410493517557539,0.2468717163024916,0.12853326255766578,0.7411573371298374,0.9920161811829031,0.5371704978282814,0.7033169083936722,0.1800366943309481,0.6270137112208146,0.09148666047646237,0.2855406033056007,0.16719414597154358,0.6172543273590542,0.3656704304043157,0.5859538856720142,0.4510380369386596,0.38350919263262573,0.5035206472905783,0.6612629600014648
0.4720023053610099,0.6761082475534725,0.6763582955254719,0.2938126849813496,0.30813641162589867,0.6454095845539216,0.3099837073270597,0.4822243531967437,0.05364992618431874,0.031459537291452455,0.303742094368613,0.047116871582988606,0.7109423760562734,0.14123964577912707,0.46044338273666763,0.4408826994912003,0.15786224700151064,0.5233790781801565,0.25504585997530144,0.2007285311595468
0.8104137226557726,0.9486828986855925,0.9312017928442344,0.7254075138534548,0.9738213330485972,0.9993475767503321,0.9316350580214806,0.886217316582972,0.742182739078196,0.622556898734091,0.7846158213319685,0.5902437730731849,0.5578150376782848,0.1194265266454082,0.5956639703513742,0.11556025415679766,0.4871379388110991,0.7851178867941427,0.834154025316439,0.8206618238632393
0.007152431927391623,0.04565216532553373,0.0049359029950185596,0.07972058566745521,0.02246588887286416,0.03491759450722287,0.06704944605384894,0.09426363756619621,0.03115801239797955,0.28615918320194633,0.05515176781438397,0.05480396716910263,0.5158380859887113,0.5061758920516065,0.13573076963872788,0.26181944243321503,0.005827393458493257,0.11430477230781333,0.011367663497039326,0.40394023966012216
0.4150404165197391,0.4941281538330469,0.21177033863420375,0.10998508083040226,0.22652159788038795,0.11657483874026342,0.6546545954446119,0.4206366416318623,0.1569987069781676,0.576138010454279,0.30879467761921175,0.8683979477534902,0.187199064087546,0.44205691496451144,0.8174444622688437,0.40173925290199397,0.21805803746800717,0.2699789948632513,0.4596010163446872,0.35960213232892135
0.9351586114512309,0.821526507502055,0.9581065621820081,0.9159180550163722,0.2574536314589299,0.628172277954989,0.4465084655800336,0.5273043743419324,0.11529587121054319,0.491946579784066,0.6983272035578908,0.8047234398244952,0.7414826842611933,0.5754826633802665,0.28421243871653584,0.8132212270547627,0.7692583845500148,0.7170514621353149,0.7722489526501242,0.2792323751734337
0.2947841194205755,0.6245232277555496,0.23239182237488892,0.1644702974328947,0.7532271650597556,0.09319184204452197,0.6865458627652534,0.33892241252409083,0.5877106134504089,0.04287306603283336,0.1693299544427434,0.2207391716258023,0.5886861261795301,0.4007589767801346,0.8764699086329213,0.7025062566613922,0.5188851894045516,0.7526376059052101,0.847642785182102,0.6543322332849502
0.07819543504861048,0.27018157646598207,0.0521523060875031,0.12072696266109262,0.01131838571124727,0.08299953809453858,0.014995710034513332,0.3432267388931562,0.24309515143140908,0.0421592946357463,0.14165376241862188,0.2011371526769144,0.24360437209930869,0.3580532596753824,0.6946567262143759,0.7231120975256713,0.03159380279177054,0.04780878042321146,0.022588763199902606,0.0980006090826448
0.9387355304798444,0.852586955280472,0.6418005356271148,0.5342269606929891,0.8948678257271048,0.5103183313411985,0.8106552738819229,0.661107030890845,0.31604203561783895,0.11648633853131296,0.2679703923112252,0.5069210145456404,0.23834832163628333,0.17841447883476114,0.05589271483478436,0.33947623507605007,0.9315881247329999,0.9048840106384425,0.7098569927069096,0.8148008829468321
0.3718009068602348,0.797423262283877,0.25046761959399644,0.03572579731724751,0.12157865097589443,0.09091482034197579,0.4979360894758685,0.27761878720320243,0.20190767610668392,0.2021147674518895,0.17451618034069033,0.08562354089021879,0.13057155283333977,0.5045205972103393,0.05264538860478174,0.07219934322239524,0.22929575778131872,0.31087471342058626,0.31166994932641345,0.3155053687831667
0.45771086258086296,0.4934749821305494,0.6783086746736853,0.35958297948127893,0.5676391891990351,0.40666981179583955,0.6565002349148338,0.7947479006990122,0.010236483749830272,0.0012237341132721458,0.11645248137692343,0.15475911382982116,0.12313219155786076,0.6071870430195042,0.022298148592793998,0.6029076698457098,0.940561577658275,0.7618412524752609,0.4912103375217534,0.5896057581392936
0.2641162472763037,0.13055607275671072,0.35135392249908304,0.03634668590018192,0.6893020469566882,0.31736327743273496,0.1764003544240289,0.07976404000569354,0.8208955991375542,0.613938671703123,0.8882475838268638,0.9224128169811325,0.6567995270287997,0.3351416501803156,0.7918538776353936,0.30273440481402325,0.07750809105451434,0.36950376177581024,0.25437130741897296,0.5855272453715741
0.28486646437689206,0.18571661941403506,0.4282150823871676,0.13564735809236328,0.8227787441203995,0.811475143229835,0.9389016594017228,0.8341190874289113,0.042146868804997406,0.07453652014655565,0.40003244936646726,0.09313938539956312,0.5841464147098416,0.3944815977685825,0.8061696811372676,0.47312488668294617,0.5449171893187618,0.3530354255426453,0.5356322190683778,0.3267983978133949
0.037101508459914556,0.3931149337342173,0.035975612118844424,0.03146454070776439,0.0010342958599683927,0.0030250474837739127,0.06887119340446785,0.008169939275714133,0.38857386522565457,0.662639205711783,0.2958144978671494,0.4511601771599494,0.09722740412675013,0.29636357650990536,0.012954241128841804,0.06823258227782147,0.20429892239047737,0.008210268584693925,0.10595144452553246,0.03493283094015087
0.3834968414999659,0.6147869525142269,0.6777772148407792,0.48244604136764524,0.5203197875443992,0.3949178736378545,0.26696429500875696,0.3872984152754966,0.7886279842404502,0.7760528278977424,0.9062690237340933,0.7999292937454066,0.47163170286396716,0.710523191808644,0.4291203569583154,0.8941499877782535,0.9653960167866151,0.8595824067727185,0.8548228749226907,0.9880379821031895
0.27877919519797856,0.46142166022383113,0.6557649478169683,0.36180365877725384,0.997611680072311,0.9763318313858853,0.9464031796049072,0.9775138567414242,0.7848786213800885,0.7349618848210835,0.7318480646121246,0.8717359171943811,0.7979214588483075,0.9609714720875331,0.8588567007883112,0.9402605219089828,0.7377401481297203,0.5841402641789495,0.520293324906843,0.8077685970150711
0.8183201982104684,0.8835478287319308,0.6569782883078972,0.7256494313163325,0.5500494564706248,0.8055775227442965,0.5714671871092921,0.9650085216869574,0.5217589045591313,0.3865021846643033,0.4593056385520171,0.5913907577172437,0.480601010292743,0.3397814419533962,0.4859725079962542,0.8471435765039311,0.7456573219046416,0.2437183914775336,0.5886524509651271,0.4206405193461707
0.4784836183100638,0.1689871486256213,0.37851959507805255,0.34707994103731654,0.6215100739385542,0.48618019244686417,0.5403694657709104,0.7844378219735924,0.6067448439202003,0.34305299593557026,0.7785822443577014,0.5387322239272251,0.48973750370065333,0.7730728425687805,0.5022415236716608,0.6274023948426306,0.729033802760351,0.6080381296579598,0.8712475749466788,0.9275479317282129
0.9524898736313527,0.6131378035174603,0.42213406034109907,0.43025597169617125,0.608314972722506,0.8035804870068044,0.7470462243657685,0.7982154921080293,0.39490442043188156,0.6416171571973301,0.7034054166252729,0.6050886813994419,0.951669968990318,0.9500838483785767,0.7609480791363592,0.7409818094610267,0.9110342197835223,0.6212145093642463,0.9224716241952449,0.9631007917543095
0.1875260886773698,0.24421181872683867,0.30002435168164165,0.35607961136047855,0.18364446754941433,0.12312332862278685,0.7412557625080147,0.4477417703585908,0.3821032626937283,0.5072536131295843,0.060997995914399916,0.8260468832053781,0.5749246734219035,0.22148358455941836,0.14438028565058802,0.32060718497658336,0.006811326190449829,0.3712116866675351,0.0034864029170205146,0.07751030825253086
0.48004541650891475,0.2463266263295414,0.5894427094057089,0.23934119211831745,0.8519731339611067,0.3987889627256953,0.18973382322154525,0.5650245092861736,0.7011136240836401,0.38446285123128343,0.6735730646093258,0.351355455678607,0.2536854186618005,0.44388278665091374,0.07233824999445887,0.13855938791321337,0.02394992448125466,0.0969572425001875,0.0012431412478913217,0.005803023207878566
0.4625325090065205,0.9450248085715658,0.8824017822856001,0.9183402488344949,0.2687976671531195,0.53354833530483,0.7019163897347914,0.6093708250359711,0.7733490401380213,0.7962359691645617,0.42037904420493477,0.6477255302073872,0.9180964343275902,0.740068975932868,0.8314759401048172,0.2551604131912239,0.733095077518778,0.5082585195172707,0.2518238263775272,0.8203493423437908
0.20157359346522485,0.39516772231441466,0.832950347739652,0.11330253172041366,0.6741431084283878,0.3872887316179191,0.3930998901376388,0.7582167325782156,0.3514691058574859,0.25703388652799886,0.29325289074224076,0.09598566111406309,0.562486127525291,0.3239470082047637,0.784074194557435,0.5389123519361118,0.6907719406600745,0.35167596688460634,0.4994193340066431,0.10053948122321482
0.5007260601226352,0.4525102197815343,0.427599293381228,0.3665252686126107,0.7996269365605047,0.7437496556345828,0.8682766911457279,0.7989506903075483,0.5284410928785788,0.7864252863559481,0.5820224858050362,0.6784685328414772,0.19623871042431407,0.5145212587848105,0.500157943516124,0.1896477104262469,0.3141905705962957,0.4752417318870451,0.6878405750461085,0.26543740094775825
0.9225951078304341,0.8866081331330958,0.7971411793977197,0.9844955130625872,0.9328837216104056,0.9560978041497328,0.957666871943837,0.9431175898140888,0.5763830937770635,0.687509138042258,0.6608313189685324,0.2392829171106965,0.5452083805218523,0.5535338248608075,0.933364231710353,0.2503443404424833,0.7778183237477961,0.9331762625802857,0.9269170620521745,0.8011377003688471
0.512749133323069,0.8179181633236464,0.8640714618946832,0.6914873125765167,0.2585456515562867,0.5705233783567805,0.7924590119463908,0.5708572146785231,0.6086221665004888,0.5974177502747628,0.3140285063553049,0.6955930052927595,0.8208749851431708,0.38568420277365384,0.776457847742301,0.48627037135000317,0.43785019172590334,0.7726902356086458,0.5509225166058319,0.32443500154063293
0.5258472713554107,0.4188526245783903,0.20078318517951133,0.15927553592107563,0.5942715052965034,0.7291727227191668,0.7929107494373635,0.4436129645339229,0.9293439795755243,0.9526450217217111,0.8768797687606587,0.7999736018764025,0.49075069659942594,0.4076759189475324,0.5189064128274267,0.30548459957408264,0.9814158919661709,0.8605105717686804,0.6247311554756539,0.7178516421162697
0.7473742227124591,0.4774204578446104,0.8391799472086647,0.6588966735298347,0.6936514846178687,0.16609734360669576,0.8783852451901508,0.804312321267562,0.40638614537537243,0.5428400703159083,0.5540984998377336,0.7405283931388245,0.4393538998794497,0.15917367098991048,0.5961609593889827,0.6540384049231703,0.7052315784264478,0.8583403706541808,0.653609364908847,0.5756628403895218
0.09908798777455557,0.3921287094379573,0.6341314421418762,0.7161307115232625,0.5441099344897943,0.6476389483691443,0.9591904252485128,0.8272204071715012,0.6894979786783573,0.2972816195355823,0.2930989058053201,0.4589552690415033,0.2537909763095708,0.29912041982508725,0.1903392971609708,0.5273220217284224,0.11884585888465904,0.27158126797751936,0.24809040982460256,0.09324166107724935
0.5571000861567796,0.49569733252867687,0.04790829455110046,0.27119687783844265,0.33655509959798857,0.364801194164987,0.71987875134034,0.3553535997363028,0.9722119508430316,0.9195914331107787,0.8720424910494868,0.8134230241306866,0.6227813452310027,0.38443955892339754,0.7693752979096429,0.46122730341867946,0.8710607773476933,0.7809549252225221,0.7620780064681947,0.9112355770581972
0.2826658415233774,0.1292873520432124,0.10330444911373438,0.09677502193814824,0.15284220729393155,0.23835723377678608,0.176141799137502,0.13638585961742117,0.1498153247746396,0.037413088820877904,0.5803175127329699,0.6425595684785465,0.01858720012099807,0.05895308486922424,0.03952483503657317,0.03208736600510992,0.06256121286997335,0.04156250616356055,0.06751531453013154,0.02459984033256435
0.6014355613837326,0.7506657152823644,0.4674758100941232,0.17732978076359135,0.41405751488553477,0.8651982064440858,0.41353588359500315,0.33173585788760235,0.9050473223090278,0.7132831530037798,0.7617034574875255,0.8393708352435332,0.3406733479795803,0.18729887480960966,0.19294638859511037,0.1347865518743469,0.08931044510283587,0.07070645449459023,0.03877473872068382,0.1990518998816576
0.8355690753401049,0.8438441843918867,0.5541785085663806,0.8739020766040757,0.4418978843158034,0.4205981630703695,0.7605709971179663,0.3593275154154089,0.6862882151078278,0.9137177485581145,0.45927367394095275,0.572812135740964,0.9764287840352947,0.9384174919520325,0.8874083120092584,0.787495887785183,0.09049750578935156,0.4217718587833261,0.7339765668677899,0.3975035529573364
0.22882638438018782,0.20069448171075566,0.054779448975354694,0.17814730161819087,0.027092953838436684,0.00012126569502296514,0.0013097304051776226,0.04070398793535618,0.9055183410726263,0.8731401436045325,0.8795844061110518,0.18357937942106817,0.3202645467847058,0.059338334776603496,0.48624557937937013,0.2144168501146676,0.17079054572591085,0.029782693354564405,0.25268950094676845,0.6032462630296396
0.4760891021436582,0.9205632840750877,0.9797025476743605,0.971669972240329,0.7847544196370809,0.6577952652988335,0.5239051658714523,0.5112578306072052,0.633226208601823,0.785055731138647,0.38668581823667786,0.4238674033804195,0.591029472542765,0.7577424253255625,0.8009782269673161,0.6679682096852132,0.5005151225563431,0.8144288761534559,0.7130336464895555,0.6516566794998391
0.07477098189557457,0.24967298630049595,0.24373501093179523,0.08807543706780668,0.181382544839511,0.0675235086897174,0.5773497165790272,0.6737911710305767,0.03808591520472032,0.009807415329249003,0.0010112275462167974,0.0009677741968061593,0.040153731745630195,0.02983519599301876,0.03312524675400502,0.082432597937801,0.02510653470402907,0.2531101815510788,0.2861133647641204,0.01727576487366006
0.38436595293997877,0.16485990886721213,0.46037551742946164,0.10675992273847562,0.6358527787545744,0.606676625682251,0.8871399050656729,0.798340651810301,0.2937465083911552,0.13984051059109082,0.4904267658101754,0.6502486841077095,0.7974872217838176,0.4081460915398508,0.6750908740574532,0.6964526801537263,0.09716057747383999,0.24419442855995366,0.09721456391287797,0.598946787809159
0.5631042359484499,0.45766326831885207,0.6699829841370836,0.40322111014773904,0.5773247163042329,0.32581528390677034,0.1860051240419785,0.6022525196922084,0.16980401726810546,0.11066658040122157,0.35813591291701363,0.13398698508609003,0.08313891549762409,0.33029398379322544,0.5104134815695726,0.577855931918853,0.07969387400534611,0.27222646029315267,0.2983654994262577,0.08513878581436662
0.2407379878940501,0.08205175961215477,0.02827768585814533,0.2825499321641904,0.11343185110273335,0.22838296582228962,0.1556757039559576,0.4439900262070871,0.5492496369128494,0.8116668254278239,0.8911885201768845,0.850960422214705,0.23959906095768946,0.08499733072779225,0.0867267992125072,0.06016692328903894,0.7109549980442333,0.6192164173090281,0.4918477637087509,0.6068133134372448
0.806485858263926,0.9705012088143647,0.9278182072002599,0.44043405880168457,0.3586222248761224,0.7769785524437884,0.5186574703524027,0.7913070475381533,0.4916582030814711,0.7815544789247766,0.8410656600312144,0.8514509131796402,0.8078289016397493,0.9309508528915507,0.713468429393957,0.8973158551862093,0.9661147593463236,0.9957670625938945,0.9626516805058704,0.858726049770898
0.4108889167314651,0.6165663034206729,0.8253056533309078,0.45897405574744216,0.4191264314656942,0.5324424837275272,0.5462480177582902,0.43012551766540946,0.3675312207472674,0.6708902186097481,0.812794277025368,0.865541529068677,0.5546069386695976,0.6848368115692861,0.7600938247567302,0.7156637029555144,0.5847180028103882,0.6105760229761404,0.7721224522033682,0.9767596659532085
0.7389226980930709,0.7274610476126612,0.4697179054247111,0.7240704060036876,0.10698301597385479,0.032110135668075246,0.15196548866474552,0.40333408797523096,0.1642286766657699,0.31520218388432353,0.4222360157980781,0.6618133613946371,0.24597641392083608,0.7418995455870874,0.5792999904060336,0.5949539209537693,0.23215073727162205,0.07481462918961312,0.10172275231877925,0.11278087274895182
0.5319651139045878,0.719869880765605,0.39130021278740046,0.7066237874656178,0.493312261949953,0.4638566419644977,0.7521820471969528,0.5666855958630048,0.8969566563159443,0.8305862459072217,0.8403253304919336,0.4790938096283599,0.5149724871587709,0.12472122836948357,0.1510201103374038,0.35409408804812037,0.174089070361595,0.4011480432860096,0.14906284593728503,0.3995056079674445
0.9011462761382408,0.5295035280598711,0.38277464607330286,0.23402326581395994,0.3565967870399501,0.6654396182818034,0.7319727084775434,0.7243505453456452,0.5898057070975578,0.20530728174549018,0.16391964033251993,0.6676725506760144,0.0999227495211773,0.06972600640240917,0.8037088005814643,0.22290732077933262,0.692243431229008,0.593722096525782,0.4208966945691508,0.023614087265409645
0.5128745801143997,0.8455592660963194,0.03499130535595696,0.45174801236185624,0.7686838968397174,0.5531781039865692,0.8888284839932992,0.6559363074302834,0.6983163826986675,0.2199399245607902,0.31251912855703534,0.5262842383487247,0.08736234405358173,0.3761977968946629,0.18124935018725175,0.13117846568126057,0.35266617709008397,0.806243525231981,0.4659534691971485,0.20794573328821714
0.9994920877326752,0.9479000486926636,0.9492392618452394,0.997162896711385,0.7278510849401136,0.8957599279584502,0.9070028436787367,0.9048220790934001,0.8992848416784238,0.5867482596274192,0.9558834972124548,0.8286957370831403,0.9946999744891639,0.9124115519474769,0.9974640457295314,0.9702392288735195,0.7581240334471564,0.9120450470397581,0.7633410515321221,0.9743415996507743
0.8987455544488727,0.8751110960255166,0.9844379897025958,0.5715146402814643,0.8783898884463532,0.5807043777038862,0.9812027910769798,0.9591696131324123,0.7704394536174615,0.8624452601901944,0.8476533320585848,0.8458399508789152,0.9720534350985301,0.9911587006181739,0.8890631153666131,0.958405911942553,0.8656182374427028,0.6423701330447791,0.7136112378210844,0.8374960054075917
0.31920021701619206,0.2257358715561812,0.18143140606921548,0.3657677817301479,0.20172586375451662,0.17811778178870846,0.1641125859015541,0.12528816067951576,0.6903046267417687,0.3291121202093443,0.3155284800769226,0.09683417044385118,0.02174843421054068,0.09991688117546726,0.5677666595132864,0.3471702819413776,0.26891276673431075,0.5018066522539557,0.5281615567089198,0.18531070635473101
0.12114289627316244,0.08023215233691833,0.3286939497126945,0.23484781320943648,0.019172120589370678,0.0190220511025887,0.007565610082458429,0.12198065673941694,0.007053365575528436,0.16640989942473094,0.026794607673879034,0.004486871259836933,0.080888233406339,0.12103489526033945,0.04631442028138172,0.011189724415439584,0.29856937639448766,0.5189725439316913,0.46005795828487744,0.20868419059247123
0.752407224465498,0.9504941744967855,0.936923570674004,0.562892140096527,0.9410038913353849,0.4945077616155735,0.7893908539132555,0.7053375482825792,0.25425848507345195,0.37048573626433345,0.13001327572721288,0.2138400545759634,0.428772847138255,0.5186004362273633,0.4183751007806143,0.44845953798965943,0.66167867357087,0.5053818778431163,0.6577947912278854,0.8787652633035493
0.5526763095158397,0.6975104248621774,0.9167462349261968,0.38858628207356494,0.29952283756677733,0.3925196724514206,0.1667126134400031,0.285994166202701,0.5825233726118977,0.9587151745765895,0.5623614545983427,0.6503758681031384,0.6094431893811372,0.2695246506979314,0.2905451449459018,0.08665854951111918,0.7394949456816718,0.5741420717577745,0.6136277542808183,0.3033697466993568
0.3914381996733229,0.6020052734559419,0.08286983780930357,0.6546281989489517,0.041368424659080416,0.017854848526950573,0.07063929364155891,0.022189513505494973,0.32885060564659196,0.3010831879877848,0.19607332839749358,0.1665058171300549,0.24787446764842452,0.2653485826734142,0.38624244983953093,0.7553429356165217,0.5633205503407094,0.6712603669066057,0.24961785944368137,0.4134718637830713
0.4450775797166907,0.35983048924442845,0.7101601193297096,0.6800929022497181,0.6346081783904773,0.34490526969948904,0.5202355423103757,0.04579673658988914,0.10872271411336748,0.6408233066730884,0.2500735324030171,0.014142558089294488,0.5573147340153004,0.4588947937744385,0.28227935158054346,0.5481575883566836,0.6199261795682381,0.804126221607076,0.3565924491616983,0.6939049640017387
0.45377757858045176,0.7327353420597369,0.3750870623648812,0.7749918891538305,0.22719732516409435,0.7891272225875428,0.4117643666491685,0.7189096661455352,0.32608311989798233,0.4963973534129105,0.41631573052085535,0.1985252550460811,0.23289041816211142,0.6665337214716556,0.48939566259932216,0.558521116753737,0.38880754553009667,0.2008749232615039,0.4099890453440741,0.3580474943175546
0.3790572133017447,0.5494319187106375,0.30772785932053137,0.37841008336571424,0.3253594973322455,0.2468063198934743,0.6569253467427167,0.6447825852784439,0.27358452051170234,0.32558137268319515,0.6464039306780799,0.13751005341554412,0.5402548106657865,0.46718456710348344,0.5866269490926218,0.7000144010722178,0.06959819868755879,0.6701415165599319,0.262556513693286,0.009833341110771388
0.41503199400285085,0.6497356790916812,0.11342745567026408,0.29528489628184607,0.17572555866941814,0.010829060497638765,0.04552767472371172,0.07487715285078528,0.12418237311059038,0.11707271196231311,0.010300190311434032,0.1648482435932896,0.15204938842409715,0.033993006907576506,0.25836952436458827,0.2620800370892381,0.3088692453437202,0.6333074085530518,0.44942803453954566,0.532431638586257
0.9351864478940182,0.9939822715426061,0.9822741796677398,0.9583953822607929,0.6097458107899739,0.655981497567171,0.434389771844899,0.6620317657035796,0.20604802511344417,0.9184057614145935,0.6846076951365769,0.8123208971054685,0.7481797232175171,0.742665523097473,0.8733269122193104,0.9221351171869809,0.8416723050585319,0.6641559662971696,0.9180355546538042,0.6210987190617675
0.4925519667249436,0.22630377761104736,0.33474769974371005,0.2675498188122907,0.037893649581154154,0.03842973896888818,0.07337720215398236,0.03952616060537878,0.053340333914129345,0.30568057868625786,0.149797994246953,0.5137904162985979,0.5635668898416912,0.6865843931221077,0.5680678009646123,0.6122511039901168,0.37818192275537665,0.012581626325979145,0.13339743183117692,0.0980051927838943
0.8450552453941851,0.8147400997568757,0.8120662510930131,0.6565802125376468,0.981173193105976,0.3812434086625642,0.9210864675171663,0.889476166505042,0.5236539257324214,0.8886010018253494,0.466815595168929,0.6758439953662773,0.8721725914435685,0.949049312862515,0.7911463004142087,0.7939956735610897,0.7877799773727023,0.6460496380167935,0.8692463776207093,0.3659849517567325
0.8642974652423101,0.6666398557361782,0.6871382475776261,0.8329882795453154,0.8632950829541092,0.9010044057886472,0.979612153007731,0.9657239687774659,0.35416343707957965,0.5050956810376189,0.6225812677904505,0.19649693208879992,0.7062069315965624,0.5500752620566723,0.6976688978860507,0.4631953335205117,0.8093106986700811,0.8780743785033756,0.5948037797389361,0.7975014926968197
0.14702927458979076,0.38496038824927414,0.5116476509826999,0.48395994243738927,0.1893227957535828,0.6733061951075704,0.4274566937624417,0.5085433775507858,0.42339381556788624,0.43027397151092606,0.46523465051248886,0.5395105242198845,0.9720433407875577,0.9479374696222265,0.9185356328789043,0.9695737491103268,0.8545185480308037,0.7760628120819775,0.4603507768339073,0.5627255623639917
0.6636740184316967,0.6683257876757664,0.7995313406190371,0.5785573331118847,0.7583820279434581,0.9696393225217863,0.9516073421795046,0.9251855342524341,0.8987188342248181,0.8961810212916685,0.7801069822064711,0.795853040300367,0.8713408170779398,0.9314188453181014,0.8674580895989938,0.8521584165134377,0.5417669994095933,0.13575529821507887,0.2496840890764962,0.11222196377324734
0.7566603598162276,0.6263249277985662,0.4334790373669586,0.5734434463647075,0.7898663873803653,0.7525286720774925,0.9411242232355903,0.8058954366795168,0.8693907466242268,0.9774135036367455,0.48647580144803815,0.6940942974387039,0.9543082697117167,0.9065077216869285,0.97641529777275,0.8603099342305117,0.6180325229906689,0.19590124163617423,0.4800928686628575,0.490133325472232
0.6883686506790888,0.3937689083998208,0.5087965454676684,0.3548231417848174,0.23707711909495544,0.5183697076764961,0.7198688661127866,0.3900309769699571,0.4166884214504885,0.3218278996637628,0.09341867094309209,0.17838610858936038,0.4781102425912627,0.29006712928671097,0.27318635248201073,0.6520004800102904,0.8647927487749394,0.7643552230496882,0.20565810248466188,0.6879276638080518
0.7164869985630395,0.9836017533394131,0.6777482099314109,0.4319982187823468,0.0922807091793153,0.22187396217984068,0.021734896214547494,0.35862395475938547,0.4846465831113635,0.33957811482226746,0.4229880362783882,0.6996613402871051,0.8842662833812454,0.6061879135700129,0.8189138346726794,0.8496843326131989,0.42821801580756175,0.8072590635634155,0.6634441171354651,0.46127737204832203
0.4037770653384305,0.666796532542459,0.44200907691637215,0.6373468453757576,0.6743397683686729,0.8135981680380657,0.5085615252309466,0.6711837411350479,0.26941999912663694,0.7067994214280587,0.7591133613199041,0.5595011059256129,0.9713679151596093,0.8169057094413973,0.997665485393327,0.3014910388212622,0.11828116458213422,0.7731408732784288,0.33370122440366135,0.09660952005794782
0.05473044372348096,0.2769434903325665,0.24850914854375605,0.24937105524668607,0.5643841438597355,0.4472565223864412,0.35225741621808415,0.05217962243522556,0.1001226592935503,0.047311387749457645,0.43165839921384885,0.11792241064142334,0.5609208492478228,0.5407878550867559,0.298085281068845,0.8183417435112543,0.42466962339854475,0.4860172281184793,0.36827762504177125,0.18790760617732372
0.04478107602438147,0.11269248404548271,0.2626664493482053,0.026764373073879855,0.1856487074351737,0.3508650284044213,0.3206050707589255,0.41375474967823367,0.22548608853638719,0.2590886312457039,0.05795686090491686,0.3413651436141206,0.08542643749171364,0.2548372799778028,0.05128635761114603,0.1638800237084374,0.06290653841541888,0.3584054697137734,0.03872250661696197,0.3965329604855743
0.6257992537355384,0.8225156561664966,0.720249574789414,0.8610968979424649,0.36202897191835093,0.4361359295416957,0.42763623206247564,0.05332262075971622,0.7675762942178668,0.5940562842031455,0.6029357223147492,0.7859142780860575,0.2593531501211438,0.4884439150612733,0.36059101377846847,0.18604485068302107,0.7383369773338542,0.7651520236318856,0.5724849932972864,0.781546489832785
0.8528067925791022,0.49083835127449965,0.2915268242459418,0.7979105066198602,0.571496163786911,0.6453203791211497,0.8688318051722542,0.7038632420937472,0.6607415438692126,0.462268289278324,0.4431318052011525,0.8451208997460586,0.8680674896749809,0.6370661946824738,0.5859848329615683,0.52798269444433,0.8798164230324554,0.9427274941412012,0.9508840564300352,0.982561214250188
0.3065825100502376,0.30111143277634506,0.13510748537680833,0.3727754457326633,0.5406849798318262,0.012475428269332067,0.1620374133639889,0.5809513024361268,0.15665639799708203,0.6212012644054872,0.2628484852347719,0.37165163051394495,0.26897838046646755,0.17803109229330433,0.3618383117878423,0.3001180705265941,0.32010011270672406,0.02591665060887388,0.3324719956857701,0.19174661413538407
0.12272342703543754,0.07042919025858713,0.171048060679301,0.08916036031010521,0.5298532710792008,0.3837429363157677,0.474991662785979,0.2550148361527549,0.6378218776463234,0.6193112972200477,0.20972033926390904,0.2723096373880842,0.2900707703217871,0.7734082435782655,0.666829889434,0.6135025383421568,0.6044491185615342,0.22512742415696219,0.45443655298317104,0.31993966408226643
0.7816883081872723,0.9714234345300339,0.9797481459597621,0.7903264015886702,0.7349759917626926,0.2712758447771523,0.9122043550581642,0.2963252059647683,0.8380696490312738,0.8042263814619879,0.8057720164835617,0.7101528397902956,0.9452148347064845,0.8311890274760404,0.9743518888174074,0.4371691224781819,0.4948181185530475,0.8427232299303157,0.9231479476277782,0.5808319455356982
0.08979637102027943,0.03744325841736312,0.020068186222523765,0.045461505484189924,0.9443930867506383,0.9440795846255406,0.5093957483056771,0.8948349928597643,0.5312468620506494,0.5099578166581618,0.5756158707542244,0.850850698753287,0.13317221956789932,0.40515795349958916,0.826512979301105,0.5274840705650995,0.420566255823,0.4920989241526502,0.21111618769038115,0.11283175118346084
