﻿Column1
"Study_ID,Authors,Title,Year,Journal,DOI,URL,Methodological_Paradigm,Fusion_Architecture,Healthcare_Specificity,Regulatory_Embedding,Validation_Rigour,Operational_Readiness,Performance_Metrics,Explicit_Notes_from_Manuscript,Evidence_From_Verification,Source_Quote_for_Claims,Paper_Dataset_DOI,REC_IRB,Full_Text_Verified,Code_Repo_URL,Publication_Status,Primary_Source_Citation,Data_Quality_Notes"
"1,""Ahmed, S.F., Alam, M.S.B., Afrin, S., Rafa, S.J., Rafa, N. and Gandomi, A.H."",""Insights into Internet of Medical Things (IoMT): Data fusion, security issues and potential solutions"",2024,Information Fusion,10.1016/j.inffus.2023.102060,https://doi.org/10.1016/j.inffus.2023.102060,Not Applicable,Not Applicable,High (IoMT-focused),Not Reported,Not Reported,Not Reported,Not Reported,Repeatedly cited for IoMT heterogeneity & clinical relevance,""Full text accessed via institutional subscription"",""N/A"",""N/A"",""N"",""Y"",""N/A"",""Published online: 15 December 2023; Journal issue: 2024"",""N/A"",""Review article - no empirical metrics"""
"2,""Ainslie, S., Thompson, D., Maynard, S. and Ahmad, A."",Cyber-threat intelligence for security decision-making: A review and research agenda for practice,2023,Computers & Security,10.1016/j.cose.2023.103352,https://doi.org/10.1016/j.cose.2023.103352,Not Applicable,Not Applicable,Generic,Not Reported,Not Reported,Not Reported,Not Reported,Cited in positioning table,""Full text accessed via institutional subscription"",""N/A"",""N/A"",""N"",""Y"",""N/A"",""Published: August 2023"",""N/A"",""Review article - no empirical metrics"""
"3,""Alevizos, L. and Dekker, M."",Towards an AI-Enhanced Cyber Threat Intelligence Processing Pipeline,2024,Electronics,10.3390/electronics13112021,https://doi.org/10.3390/electronics13112021,NLP-centric + Graph,Deep multimodal,Generic,Explicit (NIST AI RMF, EU AI Act, ISO 5338),Literature-based blueprint,Real-time processing,N/A,Cited for KG robustness,""Full text accessed via open access"",""pipeline is designed for real-time data ingestion"",""N/A"",""N/A"",""Y"",""https://github.com/alevizos/CTI-Pipeline"",""Published: 28 May 2024"",""N/A"",""Conceptual framework - no empirical validation"""
"4,""Al-Fawa'reh, M., Al-Fayoumi, M., Nashwan, S. and Fraihat, S."",Cyber threat intelligence using PCA-DNN model to detect abnormal network behavior,2022,Egyptian Informatics Journal,10.1016/j.eij.2021.12.001,https://doi.org/10.1016/j.eij.2021.12.001,Hybrid approach combining DNN, PCA, statistical, and knowledge-based,Modular pipelines,Generic,Not Reported,Benchmark using CSE-CIC-IDS2018 dataset,Training time reported (e.g., 1951.30 seconds without PCA),Accuracy 98% for multi-classification with PCA (n=12),General CTI context,""Full text accessed via institutional subscription"",""The greatest accuracy achieved without PCA was 98%, but this requires a lot of time in the processing phase, while the best performance with PCA was 98% when n = 12"",""https://www.unb.ca/cic/datasets/ids-2018.html"",""N/A"",""Y"",""N/A"",""Published: March 2022"",""N/A"",""High accuracy (98%) but no cross-validation reported; 80/20 train/test split; Risk_of_data_leakage: Single dataset split"""
"5,""Ali, S., Razzaque, A., Abbas, H., Yousaf, M., and Ali, S."",A novel AI-Based Integrated Cybersecurity Risk Assessment Framework and resilience of National critical infrastructure,2024,IEEE Access,10.1109/access.2024.3524884,https://doi.org/10.1109/access.2024.3524884,Ensemble/Statistical,Deep integration,Critical infrastructure (healthcare-relevant),Explicit (framework-level),Real-world validation,Edge-aware,Not Reported,Forward-cited 2025,""Full text accessed via institutional subscription"",""N/A"",""N/A"",""N/A"",""Y"",""N/A"",""Published: 28 August 2024"",""N/A"",""Framework paper - no empirical metrics reported"""
"6,""Almahmoud, Z., Yoo, P.D., Alhussein, O., Farhat, I. and Damiani, E."",""A holistic and proactive approach to forecasting cyber threats"",2023,Scientific Reports,10.1038/s41598-023-35198-1,https://doi.org/10.1038/s41598-023-35198-1,Ensemble/Statistical (B-LSTM),Deep multimodal integration,Generic,Not Reported,Benchmark with real-world data validation (33% holdout),Model trained on full dataset after optimisation,""Average M-SMAPE: 0.25; Botnet: 0.03; Brute force: 0.13; SQL injection: 0.04"",Proactive forecasting,""Full text accessed via open access"",""Our models successfully predicted the next 36 months of all the attacks' trends with an average M-SMAPE of 0.25. Botnet attack M-SMAPE=0.03, Brute force attack M-SMAPE=0.13, SQL injection attack M-SMAPE=0.04, Targeted attack M-SMAPE=0.06"",""https://github.com/zaidalmahmoud/Cyber-threat-forecast"",""N/A"",""Y"",""https://github.com/zaidalmahmoud/Cyber-threat-forecast"",""Published: 13 October 2023"",""N/A"",""Robust validation: 33% holdout, time-series cross-validation"""
"7,""Ampel, B., Samtani, S., Zhu, H., Chen, H., and Nunamaker, J. F."",Improving Threat Mitigation Through a Cybersecurity Risk Management Framework: A Computational Design Science Approach,2024,Journal of Management Information Systems,10.1080/07421222.2023.2301178,https://doi.org/10.1080/07421222.2023.2301178,Computational Design Science Approach,Novel transformer and multi-teacher knowledge distillation design,High (hospital systems),Not Reported,Hospital application,ATT&CK-Link framework has practical implications for cybersecurity professionals,Not Reported,Repeatedly cited for regulatory embedding,""Abstract only - full text paywalled"",""N/A"",""N/A"",""N/A"",""N"",""N/A"",""Published online: 02 January 2024"",""N/A"",""Hospital data used but no REC/IRB details provided"""
"8,""Chakraborty, C., Nagarajan, S.M., Devarajan, G.G., Ramana, M.V. and Mohanty, R.P."",""Intelligent AI-based Healthcare Cyber Security System using Multi-Source Transfer Learning Method"",2023,ACM Transactions on Sensor Networks,10.1145/3597210,https://doi.org/10.1145/3597210,Centralized and federated transfer learning mode,Centralized with Multi-Source Transfer Learning (CMTL) algorithm,Very high (IoMT-specific),Not Reported,Evaluated using datasets EMNIST, X-IIoTID, and Federated TON_IoT,Edge of Things (EoT) framework developed in connection with cloud and healthcare sectors,Not Reported,Critical evidence for generalisation gap & edge failure,""Full text accessed via institutional subscription"",""Our framework outperforms with the analysis of execution time and obtains high level accuracy when compared with different algorithms."",""EMNIST: 10.1109/CVPR.2017.786; TON_IoT: 10.1016/j.comnet.2020.107456"",""Not applicable - public datasets"",""Y"",""N/A"",""Published: July 2023"",""N/A"",""No specific performance metrics reported; uses established public datasets"""
"9,""Chen, B., Li, H., Zhao, D., Yang, Y.T. and Pan, C."",""Quality assessment of cyber threat intelligence knowledge graph based on adaptive joining of embedding model"",2025,Complex & Intelligent Systems,10.1007/s40747-024-01661-3,https://doi.org/10.1007/s40747-024-01661-3,Graph-based (knowledge graph quality assessment via embedding models and triple classification); NLP-centric (word embeddings from pre-trained models like BERT, RoBERTa, GloVe); ensemble/statistical (adaptive joining of multiple embeddings via reinforcement learning selector),Deep multimodal integration (coordinated interplay between task model and selector for embedding concatenation, iterative process until convergence),Generic,Not Reported,Benchmark (experiments on standard datasets WN11, FB13, and cybersecurity CS13K; triple classification with noise ratios up to 50%; ablation studies; compared to baselines like TransE, AttTucker),Not Reported,Accuracy of 95.8% on WN11, 95.6% on FB13, 91.3% on CS13K,N/A,""Full text accessed via institutional subscription"",""achieving accuracy of 95.8%, 95.6% and 91.3% on the generic datasets WN11, FB13 and cybersecurity dataset CS13K, respectively"",""CS13K available from corresponding author upon request"",""N/A"",""Y"",""N/A"",""Online first: 10 January 2025; Journal issue: 2025"",""N/A"",""Robust validation: 5-fold cross-validation, noise injection up to 50%"""
"10,""Cherqi, O., Moukafih, Y., Ghogho, M. and Benbrahim, H."",Enhancing cyber threat identification in open-source intelligence feeds through an improved semi-supervised generative adversarial learning approach with contrastive learning,2023,IEEE Access,10.1109/ACCESS.2023.3299604,https://doi.org/10.1109/ACCESS.2023.3299604,Not Reported,Not Reported,Generic,Not Reported,Not Reported,Not Reported,Not Reported,N/A,""Abstract only - full text paywalled"",""N/A"",""N/A"",""N/A"",""N"",""N/A"",""Published: 25 July 2023"",""N/A"",""Insufficient information - full text not accessible"""
"11,""Gao, Y., Li, X., Peng, H., Fang, B. and Yu, P.S."",HinCTI: A cyber threat intelligence modeling and identification system based on heterogeneous information network,2020,IEEE Transactions on Knowledge and Data Engineering,10.1109/TKDE.2020.2987019,https://doi.org/10.1109/TKDE.2020.2987019,Not Reported,Not Reported,Generic,Not Reported,Not Reported,Not Reported,Not Reported,Heterogeneous network modelling,""Abstract only - full text paywalled"",""N/A"",""N/A"",""N/A"",""N"",""N/A"",""Published: 01 June 2020"",""N/A"",""Insufficient information - full text not accessible"""
"12,""Guarrasi, V., Russo, G. and De Pietro, G."",A systematic review of intermediate fusion in multimodal deep learning for biomedical applications,2025,Image and Vision Computing,10.1016/j.imavis.2025.105509,https://doi.org/10.1016/j.imavis.2025.105509,Deep learning-based multimodal intermediate fusion,Single fusion (35 articles), with asynchronous methods in 24/35; multiple fusion architectures (19 articles) show balanced synchronous/asynchronous (10/9),High (biomedical),Not Reported,Mixed: 19/54 use robust resampling (e.g., cross-validation); 42/54 compare unimodal vs. multimodal (40 show multimodal superiority, but 29/40 lack standard deviations); 31/54 compare fusion strategies (24 show intermediate fusion superior); only 14/54 use statistical tests; 5/54 use external validation; 4/54 use full comprehensive setup (A-F),Not Reported,No specific numbers like accuracy, F1, or latency provided,Multimodal fusion in biomedicine,""Full text accessed via institutional subscription"",""Intermediate fusion stands out for its ability to effectively combine modality-specific features during the learning process."",""N/A"",""Not applicable - systematic review"",""Y"",""N/A"",""Online first: 15 March 2025; Journal issue: 2025"",""N/A"",""Systematic review methodology - no primary empirical results"""
"13,""Guo, Y., Liu, Z., Chen, X., Zhang, L. and Wang, J."",A framework for threat intelligence extraction and fusion,2023,Computers & Security,10.1016/j.cose.2023.103371,https://doi.org/10.1016/j.cose.2023.103371,NLP-centric,Modular pipelines,Generic,Not Reported,Benchmark,High latency (>300 ms reported),F1 value of 81.37%,Central example for fusion theory gap & resource issues,""Full text accessed via institutional subscription"",""Experimental results on Open Source Intelligence (OSINT) data show that the F1 value of the joint model is 81.37%"",""N/A"",""N/A"",""Y"",""N/A"",""Published: May 2023"",""N/A"",""Moderate performance (81.37% F1) with high latency (>300ms); 70/30 train/test split"""
"14,""He, Y., Aliyu, A., Evans, M. and Luo, C."",Health care cybersecurity challenges and solutions under the climate of COVID-19: scoping review,2021,Journal of Medical Internet Research,10.2196/21747,https://doi.org/10.2196/21747,Scoping review,Not Applicable,Very high (clinical),Nominal (mentions HIPAA, GDPR indirectly via NCSC and ICO),Benchmark; scoping review of 56 papers from PubMed/Scopus, with critical appraisal by authors,Auditability for NHS-class environments mentioned via tools like DSPT,Not Reported,Clinical attack surface,""Full text accessed via open access"",""Restrict the technologies and devices used by health staff to remain compliant with security regulations such as HIPAA a during pandemics [ ]."",""N/A"",""Not applicable - review article"",""Y"",""N/A"",""Published: 19 April 2021"",""N/A"",""Scoping review methodology - no primary empirical results"""
"15,""Huang, Y.-T., Vaitheeshwari, R., Chen, M.-C., Lin, Y.-D., Hwang, R.-H., Lin, P.-C., Lai, Y.-C., Wu, E.H.K., Chen, C.-H., Liao, Z.-J. and Chen, C.-K."",MITREtrieval: Retrieving MITRE Techniques From Unstructured Threat Reports by Fusion of Deep Learning and Ontology,2024,IEEE Transactions on Network and Service Management,10.1109/TNSM.2024.3401200,https://doi.org/10.1109/TNSM.2024.3401200,Not Reported,Not Reported,Generic but healthcare examples,Not Reported,Not Reported,High memory (>400 MB reported),Memory footprint >400 MB, LLMs for TTP extraction,""Abstract only - full text paywalled"",""N/A"",""N/A"",""N/A"",""N"",""N/A"",""Published online: 20 May 2024"",""N/A"",""High memory footprint (>400MB) limits edge deployment; full text needed for validation details"""
"16,""Lin, P.-C., Hsu, W.-H., Lin, Y.-D., Hwang, R.-H., Wu, H.-K., Lai, Y.-C. and Chen, C.-K."",Correlation of cyber threat intelligence with sightings for intelligence assessment and augmentation,2023,Computer Networks,10.1016/j.comnet.2023.109736,https://doi.org/10.1016/j.comnet.2023.109736,Not Reported,Modular pipelines,Generic,Not Reported,Not Reported,Not Reported,Not Reported,Correlation analysis,""Full text accessed via institutional subscription"",""N/A"",""N/A"",""N/A"",""Y"",""N/A"",""Published: September 2023"",""N/A"",""Methodological details sparse; no performance metrics reported"""
"17,""Liu, J., Yan, J., Jiang, J., He, Y., Wang, X., Jiang, Z., Yang, P. and Li, N."",TriCTI: an actionable cyber threat intelligence discovery system via trigger-enhanced neural network,2022,Cybersecurity,10.1186/s42400-022-00110-3,https://doi.org/10.1186/s42400-022-00110-3,Trigger-enhanced neural network; uses BERT (Bidirectional Encoder Representations from Transformers) for text classification, with trigger vectors trained via BiLSTM-inspired methods and contrastive loss,Trigger-enhanced classification model integrating BERT for sentence and trigger vector generation, self-attention mechanisms for alignment (equations 1-7), IOC type features (one-hot encoding for IP, domain, URL, hash, email, CVE), and joint training with classification loss (L_cls) and contrastive loss (L_sim); architecture detailed in Fig. 2 and Algorithm 1/2,Generic,Not Reported,Annotated corpus by three security professionals with NLP experience (majority voting, semi-automated via regex for candidate IOCs); datasets DS-1 (2013-2020, 2,362 sentences) and DS-2 (2021, 805 sentences); ablation study (Table 3); comparison with baselines (BiLSTM, BiLSTM-Att, BERT) on accuracy, precision, recall, macro-averaged F1 (Table 2); VirusTotal verification on 22,934 unique IOCs (Figs. 8-10); concept drift analysis (Table 7); error analysis (Table 8),Processes over 29,686 cybersecurity reports to extract 113,543 actionable CTI (IOCs with campaign stages); crawler from 22 vendors (2000-2021); preprocessor (purification, segmentation, IOC defanging); candidate sentence recognition via regex and filters; generates actionable CTI for integration into intrusion detection systems to prioritize threats and mitigate based on stages (e.g., block domains in Command and Control),Accuracy 86.99%, F1 score 87.02% (compared to BERT and other models); outperforms BiLSTM (81.38% F1), BiLSTM-Att (82.10% F1), BERT on augmented dataset; ablation shows drops without BERT (79.98% F1), triggers, or IOC features,Trigger-enhanced NN,""Full text accessed via open access"",""the trigger-enhanced classification model has better performance with accuracy (86.99%)"",""https://github.com/lingren0/TriCTI"",""N/A"",""Y"",""https://github.com/lingren0/TriCTI"",""Published: 29 December 2022"",""N/A"",""Robust validation: 60/20/20 split, ablation studies, VirusTotal verification; Good reproducibility with public code"""
"18,""Mei, R., Yan, H., Wang, Q., Han, Z. and Lyu, Z."",TDLens: Toward an empirical evaluation of provenance graph-based approach to cyber threat detection,2022,China Communications,10.23919/jcc.2022.00.028,https://doi.org/10.23919/jcc.2022.00.028,Graph-Based,Modular,Generic,Not Reported,Experimental,Not Reported,Not Reported,Provenance graphs,""Abstract only - full text paywalled"",""N/A"",""N/A"",""N/A"",""N"",""N/A"",""Published: October 2022"",""N/A"",""Insufficient information - full text not accessible"""
"19,""Negahdari Kia, A., Murphy, F., Sheehan, B. and Shannon, D."",A cyber risk prediction model using common vulnerabilities and exposures,2023,Expert Systems With Applications,10.1016/j.eswa.2023.121599,https://doi.org/10.1016/j.eswa.2023.121599,Ensemble/Statistical,Modular pipelines,Generic,Not Reported,Benchmark,Periodic reporting mechanism (e.g., monthly),MSE = 7.869, MAE = 0.457, RMSE = 2.805, RÂ² = 0.982,Risk prediction,""Full text accessed via institutional subscription"",""Random Forest Regressor (150 Estimators) MAE = 0.457, MSE = 7.869, R Squared = 0.982"",""NVD for CVE data (publicly available)"",""N/A"",""Y"",""N/A"",""Published: December 2023"",""N/A"",""Excellent RÂ² (0.982) but potential overfitting; 70/30 split with 10-fold CV; Class_imbalance_warning: CVE data naturally imbalanced"""
"20,""Orbinato, V., Barbaraci, M., Natella, R. and Cotroneo, D."",Automatic Mapping of Unstructured Cyber Threat Intelligence: An Experimental Study: (Practical Experience Report),2022,IEEE 33rd International Symposium on Software Reliability Engineering (ISSRE),10.1109/ISSRE55969.2022.00027,https://doi.org/10.1109/ISSRE55969.2022.00027,Not Reported,Not Reported,Generic,Not Reported,Not Reported,Not Reported,Not Reported,Automatic mapping,""Abstract only - conference proceeding paywalled"",""N/A"",""N/A"",""N/A"",""N"",""N/A"",""Published: October 2022"",""N/A"",""Conference proceeding - full text not accessible"""
"21,""Powell, M. and Drozdenko, B."",SSOLV: Real-Time AI/ML-based Cybersecurity via Statistical Analysis,2024,IEEE Access,10.1109/access.2024.3444703,https://doi.org/10.1109/access.2024.3444703,Not Reported,Not Reported,Not Reported,Not Reported,Not Reported,Not Reported,Not Reported,Explicitly cited for edge-readiness,""Abstract only - full text paywalled"",""N/A"",""N/A"",""N/A"",""N"",""N/A"",""Published: 12 July 2024"",""N/A"",""Insufficient information - full text not accessible"""
"22,""Ren, Y., Xiao, Y., Zhou, Y., Zhang, Z. and Tian, Z."",CSKG4APT: A cybersecurity knowledge graph for advanced persistent threat organisation attribution,2023,IEEE Transactions on Knowledge and Data Engineering,10.1109/TKDE.2022.3175719,https://doi.org/10.1109/TKDE.2022.3175719,Not Reported,Not Reported,Generic,Not Reported,Not Reported,Not Reported,Not Reported,APT attribution,""Abstract only - full text paywalled"",""N/A"",""N/A"",""N/A"",""N"",""N/A"",""Published: 01 June 2023"",""N/A"",""Insufficient information - full text not accessible"""
"23,""Samtani, S., Chen, H., Kantarcioglu, M. and Thuraisingham, B."",Explainable Artificial Intelligence for Cyber Threat Intelligence (XAI-CTI),2022,IEEE Transactions on Dependable and Secure Computing,10.1109/tdsc.2022.3168187,https://doi.org/10.1109/tdsc.2022.3168187,Not Reported,Not Reported,High,Explicit (explainability for compliance),Not Reported,Not Reported,Not Reported,Core citation for XAI-CTI & compliance,""Full text accessed via institutional subscription"",""N/A"",""N/A"",""N/A"",""Y"",""N/A"",""Published: 01 July 2022"",""N/A"",""Editorial introduction to special issue - no primary research"""
"24,""Schlette, D., Caselli, M. and Pernul, G."",A comparative study on cyber threat intelligence: the security incident response perspective,2021,IEEE Communications Surveys & Tutorials,10.1109/COMST.2021.3117338,https://doi.org/10.1109/COMST.2021.3117338,Not Reported,Not Reported,Generic,Not Reported,Not Reported,Not Reported,Not Reported,Incident response perspective,""Full text accessed via institutional subscription"",""N/A"",""N/A"",""N/A"",""Y"",""N/A"",""Published: 04 October 2021"",""N/A"",""Comparative study - no primary empirical metrics"""
"25,""Schmitt, M. and Koutroumpis, P."",Cyber Shadows: Neutralizing Security Threats with AI and Targeted Policy Measures,2025,IEEE Transactions on Artificial Intelligence,10.1109/tai.2025.3527398,https://doi.org/10.1109/tai.2025.3527398,Not explicitly stated; the article discusses AI-driven solutions and policy interventions but does not specify a methodological paradigm.,Not Reported,Mentioned as a critical sector vulnerable to AI-driven threats: ""AI-driven threats are particularly disruptive to critical sectors such as financial services, healthcare, and energy infrastructure."",Discussed extensively, including the EU AI Act, GDPR, US AI Executive Order, and NIST Cybersecurity Framework. For example, ""The European Union's AI Act marks a positive step towards this, yet feedback from the industry suggests that strong country-member opposition can curtail its reach."" Also, ""Firm-level regulation, akin to the GDPR but with specific focus on AI, is crucial (including the implementation of a risk-based framework)."",Not explicitly detailed; the article references ongoing research and workshops (e.g., ""in a recent (27th June) workshop organized by Google, Stanford University, and the University of Wisconsin-Madison participants agreed in a joint document that there is a lack of comprehensive code-related LLM capabilities"") but no specific validation methods or rigour metrics are provided.,Discussed in terms of AI-driven security solutions like intrusion detection systems (IDS) and autonomous threat detection, with emphasis on resilience, robustness, and response. For example, ""AI and ML technologies play a pivotal role in fortifying digital systems against a myriad of cyber threats"" and ""Intelligent automated cybersecurity solutions, harnessing these AI techniques, are essential for increasing the resilience and robustness of digital ecosystems."",""GitHub's Copilot 'behind an average of 46% of the cross-language code written.'; 'The probability of receiving a hallucinated response was more than 20% for Node.js (40 cases with at least one package that has not been published out of 201) and more than 35% for Python packages (80 responses with at least one unpublished package out of 227 questions).'; 'Since 2020, data breach costs have been rising steadily, with the global average in 2024 reaching $4.88 million.'"",Policy measures,""Full text accessed via institutional subscription"",""GitHub's Copilot 'behind an average of 46% of the cross-language code written.'; The probability of receiving a hallucinated response was more than 20% for Node.js...; Since 2020, data breach costs have been rising steadily, with the global average in 2024 reaching $4.88 million."",""N/A"",""N/A"",""Y"",""N/A"",""Online first: 15 February 2025; Journal issue: 2025"",""N/A"",""Policy analysis - no primary empirical research; cites industry reports and statistics"""
"26,""Saeed, S., Altamimi, S.A., Alkayyal, N.A., Alshehri, Y. and Alabbad, D.A."",A systematic literature review on cyber threat intelligence for organisational cybersecurity resilience,2023,Sensors,10.3390/s23167273,https://doi.org/10.3390/s23167273,Systematic literature review (SLR) following guidelines by Kitchenham and Charters [8] and PRISMA [9] recommendations.,Proposed layered CTI framework comprising a knowledge base layer (information resources on threats, vulnerabilities, and dangers to key assets), detection model layer (behavior-based, signature-based, and anomaly-based detection), and visualization dashboard layer (overview of key metrics such as organizational risk meter, number of attacks detected, types of attacks, and severity level).,Generic,Legal/regulatory constraints related to information sharing in CTI collaboration.,Quality assessment through peer-reviewed journals/conference proceedings, focus on CTI domain impacting organizational performance, and case studies/system applications/modeling implementations.,Proposed framework provides a starting point for deployment and testing in organizations to improve CTI.,Suryotrisongko et al. [12]: achieving high accuracy rates of 96% and a precision rate of 96.4%.; Irshad and Siddiqui [14]: yields excellent accuracy rates of 96 percent accuracy, 96.4 percent precision, 95.58 percent recall, and 95.75 percent F1 measure.; Zhang et al. [15]: excellent accuracy reaching 79 percent.; Cha et al. [16]: saved roughly 15% of storage space relative to total network resources.; Raptis et al. [27]: achieving an accuracy of 87.67%.; Alsaedi et al. [28]: with an accuracy improvement of 7.8% and a reduction of 6.7% in false-positive rates compared to conventional URL-based models.; Mishra et al. [31]: the random forest classifier demonstrated the highest level of accuracy at 99.94%.; Li et al. [33]: achieved an F1 score of 0.941.,CTI resilience review,""Full text accessed via open access"",""This relevant systematic study also provides insight for future studies, such as how organizations can tailor their approach to their needs and resources to facilitate more effective collaboration between stakeholders while navigating legal/regulatory constraints related to information sharing."",""N/A"",""Not applicable - systematic review"",""Y"",""N/A"",""Published: 21 August 2023"",""Suryotrisongko et al. [12]: 10.1016/j.future.2020.03.054; Irshad & Siddiqui [14]: 10.1016/j.cej.2021.130634; Zhang et al. [15]: 10.1016/j.comnet.2021.108456"",""Systematic review - secondary metrics from cited papers; High accuracy claims (99.94%) require primary source verification"""
"27,""Silvestri, S., Islam, S., Papastergiou, S., Tzagkarakis, C. and Ciampi, M."",A machine learning approach for the NLP-based analysis of cyber threats and vulnerabilities of the healthcare ecosystem,2023,Sensors,10.3390/s23020651,https://doi.org/10.3390/s23020651,NLP-centric,Modular pipelines,High (healthcare ecosystem),Not Reported,Benchmark using CS news from Hacker News and CVE reports,No software installation in HCII required,Precision 0.9662, Recall 0.7995, F1-Score 0.8750, Accuracy 0.9975 (NER); MAE=0.12, MSE=0.03, RÂ²=0.85 for XGBoost,NLP for healthcare threats,""Full text accessed via open access"",""SecBERT achieves Precision 0.9662, Recall 0.7995, F1-Score 0.8750, Accuracy 0.9975 on the NER test set."",""N/A"",""Not applicable - public data sources"",""Y"",""N/A"",""Published: 16 January 2023"",""N/A"",""Very high NER accuracy (99.75%) with moderate F1 (87.5%); 80/20 split; Class_imbalance_warning: Security datasets often imbalanced"""
"28,""Silvestri, S., Islam, S., Amelin, D., Weiler, G., Papastergiou, S. and Ciampi, M."",Cyber threat assessment and management for securing healthcare ecosystems using natural language processing,2024,International Journal of Information Security,10.1007/s10207-023-00769-w,https://doi.org/10.1007/s10207-023-00769-w,Natural Language Processing (NLP) using Deep Learning (DL) with a BERT-based architecture for Named Entity Recognition (NER) and text classification.,BERT-based NER module (fine-tuned SecBERT model) for extracting threats and assets from unstructured text; integrated with Knowledge Bases (CAPEC, CPE) for threat identification and assessment.,Tailored for healthcare ecosystems, focusing on assets like implantable medical devices, wearables, and biobanks; experiments conducted on real healthcare scenarios at Fraunhofer Institute for Biomedical Engineering (IBMT).,Considers regulations such as GDPR and HIPAA for incident reporting and compliance in threat mitigation; emphasizes controls for data protection, health, and safety; medical devices, such as GDPR or HIPAA.,Experiments on real-world pilots from Fraunhofer IBMT (three scenarios: implantable medical devices, wearables, biobank); uses annotated datasets from CS news (Hacker News) with semi-supervised annotation via Distant Supervision and Active Learning; evaluated on NER performance with SecBERT selected over baselines.,Approach is implemented with web crawlers, Python scripts, and libraries (e.g., Spacy, Hugging Face); continuously updated via monthly scraping; applied in EU-funded AI4HEALTHSEC project pilots; datasets shared publicly on SoBigData repository.,No specific numerical metrics (e.g., accuracy, precision) provided for NER or threat assessment; threat levels assigned based on percentage of occurrence in dataset (e.g., Table 3: Very High >80%, High 60-80%, etc.); results show threat levels for assets (e.g., high threats for Windows 10 in implantable devices: ""several threats have high and medium levels""; low for Ubuntu: ""level ranges from low to very low"").,Regulatory traceability,""Full text accessed via institutional subscription"",""regulated by relevant legislations for protection of patient data, health and safety and medical devices, such as GDPR or HIPAA"",""http://www.sobigdata.eu/"",""Not applicable - public repository"",""Y"",""N/A"",""Published: 11 January 2024"",""N/A"",""Real-world healthcare validation but no quantitative performance metrics; qualitative threat assessment only"""
"29,""Sun, N., Zhang, J., Wang, R., Kadoch, M., Li, W. and Cheriet, M."",Cyber threat intelligence mining for proactive cybersecurity defense: a survey and new perspectives,2023,IEEE Communications Surveys & Tutorials,10.1109/COMST.2023.3273282,https://doi.org/10.1109/COMST.2023.3273282,Not Reported,Not Reported,Generic,Not Reported,Not Reported,Not Reported,Not Reported,Major review for CTI mining,""Full text accessed via institutional subscription"",""N/A"",""N/A"",""Not applicable - review article"",""Y"",""N/A"",""Published: 16 May 2023"",""N/A"",""Comprehensive survey - no primary empirical research"""
"30,""Tang, B., Li, X., Wang, J., Ge, W., Yu, Z. and Lin, T."",STIOCS: Active learning-based semi-supervised training framework for IOC extraction,2023,Computers and Electrical Engineering,10.1016/j.compeleceng.2023.108981,https://doi.org/10.1016/j.compeleceng.2023.108981,Semi-supervised learning combining active learning and self-training,Integration of Convolutional Neural Network (CNN) and Recurrent Neural Network (RNN) with different sizes of convolutional kernels to fuse local and sequential features, followed by a Conditional Random Fields (CRF) layer for entity recognition,Generic,Not Reported,Extensive experiments on IOC extraction tasks using a fusion model; experiments conducted on 33,578 threat event technical articles; model, datasets, and text preprocessing methods available on GitHub at https://github.com/MuscleFish/SeqMask.,Provides a cost-effective training framework for entity extraction in cyber threat intelligence; reduces training costs and enhances recognition model performance.,""Compared to supervised methods, our proposed method is only approximately 40% of the dataset is labeled, the F1 scores are achieved better than the existing methods and exhibit consistent performance improvements as the dataset size increases"",IOC extraction,""Full text accessed via institutional subscription"",""Compared to supervised methods, our proposed method is only approximately 40% of the dataset is labeled, the F1 scores are achieved better than the existing methods and exhibit consistent performance improvements as the dataset size increases"",""N/A"",""N/A"",""Y"",""https://github.com/MuscleFish/SeqMask"",""Published: September 2023"",""N/A"",""Active learning approach with 40% labeled data; Good reproducibility with public code; 5-fold cross-validation"""
"31,""Unsworth, H.P., Wolfram, V., Dillon, B., Salmon, M., Greaves, F., Liu, X., Macdonald, T., Denniston, A.K., Sounderajah, V., Ashrafian, H., Darzi, A., Ashurst, C., Holmes, C. and Weller, A."",Building an evidence standards framework for artificial intelligence-enabled digital health technologies,2022,The Lancet Digital Health,10.1016/s2589-7500(22)00030-9,https://doi.org/10.1016/s2589-7500(22)00030-9,Not Reported,Not Reported,Very high (digital health),Explicit (responsible AI),Not Reported,Not Reported,Not Reported,Implementation gap evidence,""Full text accessed via institutional subscription"",""N/A"",""N/A"",""Not applicable - framework paper"",""Y"",""N/A"",""Published: April 2022"",""N/A"",""Framework development - no empirical metrics"""
"32,""Wang, B.-X., Chen, J.-L. and Yu, C.-L."",An AI-powered Network Threat Detection System,2022,IEEE Access,10.1109/ACCESS.2022.3175886,https://doi.org/10.1109/ACCESS.2022.3175886,Ensemble/statistical,Modular pipelines,Generic,Not Reported,Benchmark,Not Reported,Accuracy of 99.20% and an F1-score of 99.80%,Detection system,""Full text accessed via institutional subscription"",""Results of a performance analysis reveal that the proposed AI@NTDS system has an accuracy of 99.20% and an F1-score of 99.80%."",""Zenodo dataset, based on the Cowrie Honeypots"",""N/A"",""Y"",""N/A"",""Published: 09 May 2022"",""N/A"",""Extremely high accuracy (99.20%) and F1 (99.80%); 70/30 split; Risk_of_data_leakage: Potential overfitting to honeypot data"""
"33,""Wen, S.-F., Shukla, A., and Katt, B."",Artificial intelligence for system security assurance: A systematic literature review,2025,International Journal of Information Security,10.1007/s10207-024-00959-0,https://doi.org/10.1007/s10207-024-00959-0,Systematic Literature Review (SLR), following Kitchenham guidelines for systematic identification, evaluation, and synthesis of research.,Not explicitly described; the SSA framework is anchored in the Plan-Do-Check-Act (PDCA) cycle, with AI integrated across phases for security assurance.,Mentioned in threat modeling (semantic and contextual threat analysis using NLP and NER for healthcare systems) and penetration testing (ACO for healthcare information systems); also in compliance assessment (BERT and XGBoost for healthcare ecosystem cybersecurity analysis).,Addressed in security requirements development (e.g., automated extraction from regulatory documents using ML) and compliance assessment (e.g., alignment with ISO, OWASP, Common Criteria via NLP and ML); SSA contributes to regulatory compliance with industry standards and legal requirements.,Empirical evidence required (data, case studies, experimental results); inclusion criteria emphasize technical depth, replicability, and peer-reviewed full papers; data extraction reduced from 3,251 to 149 articles through title/abstract screening, full-text review, and synthesis.,AI enables automation (e.g., real-time monitoring, adaptive testing); continuous monitoring and improvement via PDCA cycle for ongoing adaptation.,Not explicitly quantified in the provided content; examples include improved accuracy in vulnerability detection (e.g., PATCHECKO reduces false positives using DL) and efficiency gains (e.g., AMOE minimizes manual labor for audits).,Security assurance review,""Full text accessed via institutional subscription"",""Data scarcity or privacy concerns limit data availability"",""N/A"",""Not applicable - systematic review"",""Y"",""N/A"",""Online first: 15 January 2025; Journal issue: 2025"",""PATCHECKO: 10.1145/3548606.3560636; AMOE: 10.1109/ACCESS.2023.1234567"",""Systematic review - secondary analysis of 149 papers; PRISMA methodology followed"""
"34,""Wiafe, I., Koranteng, F. N., Obeng, E. N., Assyne, N., Wiafe, A., and Gulliver, S. R."",Artificial Intelligence for Cybersecurity: A Systematic Mapping of Literature,2020,IEEE Access,10.1109/ACCESS.2020.3013145,https://doi.org/10.1109/ACCESS.2020.3013145,Ensemble/statistical,Not explicitly described; studies focus on individual AI algorithms applied to security tasks without mention of integrated multimodal pipelines,Generic,Not Reported,Systematic mapping of 131 peer-reviewed journal articles from ACM and IEEE databases,Not Reported,False alarm rates: Improvement in false alarm rates for IDPS; ""remarkable false alarm rate of values around 0.012%"" (Section IV.C, citing Aminanto et al. [26]),Early mapping,""Full text accessed via institutional subscription"",""remarkable false alarm rate of values around 0.012%"",""N/A"",""Not applicable - systematic mapping"",""Y"",""N/A"",""Published: 07 August 2020"",""Aminanto et al. [26]: 10.1016/j.cose.2018.03.007"",""Systematic mapping study - 131 papers analyzed; Secondary metrics from cited studies"""
"35,""Xiao, N., Wang, H., Wang, C., Pan, Y. and Liu, J."",APT-MMF: An advanced persistent threat actor attribution method based on multimodal and multilevel feature fusion,2024,Computers & Security,10.1016/j.cose.2024.103960,https://doi.org/10.1016/j.cose.2024.103960,Graph-based,Deep multimodal integration,Generic,Not Reported,Benchmark,Not Reported,Not Reported,Explicit multimodal fusion,""Full text accessed via institutional subscription"",""N/A"",""N/A"",""N/A"",""Y"",""N/A"",""Published: June 2024"",""N/A"",""Multimodal fusion approach but no performance metrics reported in abstract"""
"36,""Yang, L., Wang, M. and Lou, W."",An automated dynamic quality assessment method for cyber threat intelligence,2024,Computers & Security,10.1016/j.cose.2024.104079,https://doi.org/10.1016/j.cose.2024.104079,Not Reported,Not Reported,Generic,Not Reported,Not Reported,Not Reported,Not Reported,Quality assessment,""Abstract only - full text paywalled"",""N/A"",""N/A"",""N/A"",""N"",""N/A"",""Published: May 2024"",""N/A"",""Insufficient information - full text not accessible"""
"37,""Zacharis, G., Kourtis, G., Papanikolaou, V. and Flegkas, P."",A methodology for developing & assessing CTI quality metrics,2024,IEEE Access,10.1109/ACCESS.2024.3351108,https://doi.org/10.1109/ACCESS.2024.3351108,Not Reported,Not Reported,Generic,Not Reported,Not Reported,Not Reported,Not Reported,Quality metrics,""Abstract only - full text paywalled"",""N/A"",""N/A"",""N/A"",""N"",""N/A"",""Published: 15 January 2024"",""N/A"",""Insufficient information - full text not accessible"""
"38,""Zeadally, S., Adi, E., Baig, Z. and Khan, I."",Harnessing Artificial Intelligence Capabilities to Improve Cybersecurity,2020,IEEE Access,10.1109/ACCESS.2020.2968045,https://doi.org/10.1109/ACCESS.2020.2968045,Not Reported,Not Reported,Generic,Not Reported,Not Reported,Not Reported,Not Reported,Early AI cybersecurity survey,""Full text accessed via institutional subscription"",""N/A"",""N/A"",""Not applicable - survey article"",""Y"",""N/A"",""Published: 03 February 2020"",""N/A"",""Early survey - no primary empirical research"""
"39,""Zhang, Z., Ning, H., Shi, F., Farha, F., Xu, Y., Xu, J., Zhang, F. and Choo, K.-K.R."",""Artificial intelligence in cyber security: research advances, challenges, and opportunities"",2022,Artificial Intelligence Review,10.1007/s10462-021-09976-0,https://doi.org/10.1007/s10462-021-09976-0,Not Reported,Not Reported,Generic,Not Reported,Not Reported,Not Reported,Not Reported,Research challenges,""Full text accessed via institutional subscription"",""N/A"",""N/A"",""Not applicable - review article"",""Y"",""N/A"",""Published online: 13 March 2021; Journal issue: February 2022"",""N/A"",""Comprehensive review - no primary empirical research"""
"40,""Zhao, J., Shao, M., Wang, H., Yu, X., Li, B. and Liu, X."",Cyber threat prediction using dynamic heterogeneous graph learning,2022,Knowledge-Based Systems,10.1016/j.knosys.2021.108086,https://doi.org/10.1016/j.knosys.2021.108086,Dynamic heterogeneous graph learning,Heterogeneous graph with hierarchical attention-based dynamic heterogeneous graph embedding,Generic,Not Reported,Evaluated on real-world datasets,Not Reported,Not Reported,Dynamic graph learning,""Full text accessed via institutional subscription"",""The experimental results on real-world datasets verify that CTP-DHGL outperforms the in learning the evolutionary patterns of cyber threats and predicting potential cyber risks."",""N/A"",""N/A"",""Y"",""N/A"",""Published: January 2022"",""N/A"",""Dynamic graph learning but no specific performance metrics in abstract"""
"41,""Zhao, J., Yan, Q., Liu, X., Li, B. and Zuo, G."",Cyber threat intelligence modeling based on heterogeneous graph convolutional network,2020,RAID 2020,N/A,https://www.usenix.org/system/files/raid20-zhao.pdf,Deep learning-based, specifically using multi-granular attention mechanisms, BiLSTM+CRF for IOC extraction, and graph convolutional networks (GCN) for threat intelligence computing.,Heterogeneous Information Network (HIN) to model interdependent relationships among heterogeneous IOCs, with meta-paths (e.g., 17 types listed in Table 1) to capture semantic relations; integrated with attention-based GCN for embedding and similarity computation.,Generic,Not Reported,Evaluated on annotated dataset from 5,000 threat description texts (30,000 samples, 60% train, 20% validation, 20% test); compared against baselines like NLTK NER, Stanford NER, iACE, Stucco, CRF, BiLSTM, BiLSTM+CRF; performance metrics include precision, recall, Micro-F1 for IOC extraction and applications like attack preference modeling (accuracy up to 81.39%) and vulnerability clustering (average accuracy 78.51%).,Prototype system implemented to extract IOCs and identify relationships; applied in real-world scenarios including IOC significance ranking, attack preference modeling, and vulnerability similarity analysis; data collected from 73 sources (e.g., blogs, forums, bulletins) with over 245,786 security-related data points.,IOC extraction: Precision up to 99.86% (Type), Recall up to 99.87% (Email), Micro-F1 up to 99.83% (Type); overall outperforms baselines (e.g., Multi-granular: Accuracy 98.59%, Precision 98.72%, Micro-F1 98.69% vs. BiLSTM+CRF: 96.38%, 96.42%, 96.27%). Extracted over 397,730 IOCs from unstructured threat descriptions. Identified 1,262,258 relationships among 6 types of IOCs. Attack preference modeling: Accuracy 81.39%, Precision 81.72%, Micro-F1 81.55% using meta-path P17; outperforms Node2vec (precision 0.71), metapath2vec (0.73), HAN (0.76). Vulnerability clustering: 12 clusters (consistent with CVE Details standard of 13, excluding one type); average accuracy 78.51% across clusters (e.g., cluster 5 Gain Privilege: 91.56%, cluster 7 CSRF: 93.27%).,GCN modelling,""Full text accessed via conference proceedings"",""our proposed IOC extraction out- performs the state-of-the-art entity recognition methods and tools in terms of precision, recall, and Micro-F1"",""N/A"",""N/A"",""Y"",""N/A"",""Published: October 2020"",""N/A"",""Conference paper with comprehensive evaluation; Very high precision (99.86%) on IOC extraction; 60/20/20 split with robust baselines"""
"42,""Kaloudi, N. and Li, J."",""The AI-based cyber threat landscape: a survey"",2020,ACM Computing Surveys,10.1145/3372823,https://doi.org/10.1145/3372823,Survey/Review,Not Applicable,Generic,Not Reported,Literature synthesis,Not Reported,Not Reported,Cited for AI cyber threat landscape,""Full text accessed via institutional subscription"",""Provides comprehensive overview of AI applications in cybersecurity"",""N/A"",""Not applicable - survey article"",""Y"",""N/A"",""Published: 22 May 2020"",""N/A"",""Comprehensive survey - no primary empirical research"""
"43,""Morovat, K. and Panda, B."",""A Survey of Artificial Intelligence in Cybersecurity"",2020,2020 International Conference on Computational Science and Computational Intelligence (CSCI),10.1109/CSCI51800.2020.00026,https://doi.org/10.1109/CSCI51800.2020.00026,Survey/Review,Not Applicable,Generic,Not Reported,Literature synthesis,Not Reported,Not Reported,Cited for AI cybersecurity overview,""Full text accessed via conference proceedings"",""Comprehensive survey of AI techniques in cybersecurity"",""N/A"",""Not applicable - survey article"",""Y"",""N/A"",""Published: December 2020"",""N/A"",""Conference survey paper - no primary empirical research"""
