﻿Expert_ID,Role,Organization,Selection_Criteria_Met
EXP-01,NHS SOC Manager,NHS Trust,"1,2,3"
EXP-02,NHS SOC Manager,NHS Trust,"1,2,3"
EXP-03,Clinical Safety Officer,NHS Trust,"1,2,3"
EXP-04,Clinical Safety Officer,NHS Trust,"1,2,3"
EXP-05,Medical Device Security Specialist,NHS Trust,"1,2,3"
EXP-06,Data Protection Officer,NHS Trust,"1,2,3"

Selection Criteria:
1. Minimum 5 years NHS cybersecurity experience
2. Current role in clinical risk management
3. Familiarity with DSPT compliance requirements
